频道名,地址,回播地址,回播类型,回播天数,tvg-id,tvg-name,国家分组,语言分组,图标,原分组,分辨率,来源文件,检测时间,状态码,ffprobe是否成功,视频编码,分辨率,帧率,音频,ffprobe探测时间
ELTV生活英語台,https://mao.ffmking888.dpdns.org/?id=RUxUVueUnaa0uaiLseiqnuWPsAxx&auth=30234cedf871581989d3c91a3daec1e9f50e024aafcfa2247e7d44d91bb8d02fbc3f571b2d67f9d82642cc1d0f133d89,,,,,,,,,,,tvbwipv_4.txt,825,530,无视频流,,,,无音频,0.705
亞洲旅遊台,https://mao.ffmking888.dpdns.org/?id=5Lqe5rSy5peF6YGK5Yaw&auth=30234cedf871581989d3c91a3daec1e9f50e024aafcfa2247e7d44d91bb8d02fbc3f571b2d67f9d82642cc1d0f133d89,,,,,,,,,,,tvbwipv_4.txt,220,530,无视频流,,,,无音频,0.712
古惑仔,https://yylunbo.ottiptv.cc/yy/1458015189,,,,,,,,,,,tvbwipv_4.txt,391,502,无视频流,,,,无音频,0.883
豬哥亮歌廳秀,http://xtvantsc.xyz/litv_ts.php?id=4gtv-4gtv006,,,,,,,,,,,tvbwipv_4.txt,378,200,无视频流,,,,无音频,0.875
林正英经典,https://yylunbo.ottiptv.cc/yy/1351505899,,,,,,,,,,,tvbwipv_4.txt,831,502,无视频流,,,,无音频,0.893
智林體育台,http://xtvantsc.xyz/litv_ts.php?id=4gtv-4gtv101,,,,,,,,,,,tvbwipv_4.txt,380,200,无视频流,,,,无音频,0.932
Smart知識台,http://xtvantsc.xyz/litv_ts.php?id=litv-longturn19,,,,,,,,,,,tvbwipv_4.txt,372,200,无视频流,,,,无音频,0.958
博斯高球2,http://xtvantsc.xyz/litv_ts.php?id=litv-longturn06,,,,,,,,,,,tvbwipv_4.txt,380,200,无视频流,,,,无音频,0.963
博斯運動1,http://xtvantsc.xyz/litv_ts.php?id=litv-longturn07,,,,,,,,,,,tvbwipv_4.txt,380,200,无视频流,,,,无音频,0.961
博斯運動2,http://xtvantsc.xyz/litv_ts.php?id=litv-longturn08,,,,,,,,,,,tvbwipv_4.txt,379,200,无视频流,,,,无音频,0.971
博斯無限2,http://xtvantsc.xyz/litv_ts.php?id=litv-longturn13,,,,,,,,,,,tvbwipv_4.txt,367,200,无视频流,,,,无音频,0.983
【周星驰】搞笑电影,https://yylunbo.ottiptv.cc/yy/38670875,,,,,,,,,,,tvbwipv_4.txt,353,502,无视频流,,,,无音频,1.081
豬哥亮歌廳秀,https://mao.ffmking888.dpdns.org/?id=6LGs5ZOl5Lqu5q2M5buz56eA&auth=30234cedf871581989d3c91a3daec1e9f50e024aafcfa2247e7d44d91bb8d02fbc3f571b2d67f9d82642cc1d0f133d89,,,,,,,,,,,tvbwipv_4.txt,223,530,无视频流,,,,无音频,1.093
亞洲旅遊台,http://xtvantsc.xyz/litv_ts.php?id=4gtv-4gtv076,,,,,,,,,,,tvbwipv_4.txt,378,200,无视频流,,,,无音频,0.404
公視戲劇台,http://xtvantsc.xyz/litv_ts.php?id=4gtv-4gtv042,,,,,,,,,,,tvbwipv_4.txt,379,200,无视频流,,,,无音频,0.437
奇光主播q12560807,https://live.ottiptv.cc/douyu/12560807,,,,,,,,,,,tvbwipv_4.txt,2106,200,无视频流,,,,无音频,1.399
采昌影劇台,https://mao.ffmking888.dpdns.org/?id=6YeH5piM5b2x5YqH5Yaw&auth=30234cedf871581989d3c91a3daec1e9f50e024aafcfa2247e7d44d91bb8d02fbc3f571b2d67f9d82642cc1d0f133d89,,,,,,,,,,,tvbwipv_4.txt,31,530,无视频流,,,,无音频,0.155
和平精英,https://live.ottiptv.cc/douyu/999,,,,,,,,,,,tvbwipv_4.txt,2963,403,无视频流,,,,无音频,2.562
当铁手团遇到光复社5875025,https://live.ottiptv.cc/douyu/5875025,,,,,,,,,,,tvbwipv_4.txt,2951,403,无视频流,,,,无音频,2.580
怡宝妹妹丶434971,https://live.ottiptv.cc/douyu/434971,,,,,,,,,,,tvbwipv_4.txt,2924,403,无视频流,,,,无音频,2.588
竹叶的熊猫3870925,https://live.ottiptv.cc/douyu/3870925,,,,,,,,,,,tvbwipv_4.txt,2947,403,无视频流,,,,无音频,2.592
龍組队长天昊1487654,https://live.ottiptv.cc/douyu/1487654,,,,,,,,,,,tvbwipv_4.txt,2948,200,无视频流,,,,无音频,2.598
跑跑卡丁车手游,https://live.ottiptv.cc/douyu/6672862,,,,,,,,,,,tvbwipv_4.txt,2966,403,无视频流,,,,无音频,1.968
当幽兰剑遇上链子刀6027991,https://live.ottiptv.cc/douyu/6027991,,,,,,,,,,,tvbwipv_4.txt,2974,403,无视频流,,,,无音频,1.900
【林正英经典】玄幻电影,https://yylunbo.ottiptv.cc/yy/1462895099,,,,,,,,,,,tvbwipv_4.txt,427,502,无视频流,,,,无音频,0.551
鬼片喜剧动作港剧,https://yylunbo.ottiptv.cc/yy/1355269576,,,,,,,,,,,tvbwipv_4.txt,434,502,无视频流,,,,无音频,0.391
DOTA2,https://live.ottiptv.cc/douyu/3811559,,,,,,,,,,,tvbwipv_4.txt,2917,403,无视频流,,,,无音频,1.864
超清鬼片 港片,https://yylunbo.ottiptv.cc/yy/1335509613,,,,,,,,,,,tvbwipv_4.txt,437,502,无视频流,,,,无音频,0.522
恐怖电影,https://yylunbo.ottiptv.cc/yy/24066336,,,,,,,,,,,tvbwipv_4.txt,440,502,无视频流,,,,无音频,0.385
英雄联盟,https://live.ottiptv.cc/douyu/288016,,,,,,,,,,,tvbwipv_4.txt,3090,403,无视频流,,,,无音频,2.101
橙記Orange丶4549169,https://live.ottiptv.cc/douyu/4549169,,,,,,,,,,,tvbwipv_4.txt,1675,200,无视频流,,,,无音频,1.187
经典电影重温,https://yylunbo.ottiptv.cc/yy/1382793140,,,,,,,,,,,tvbwipv_4.txt,461,502,无视频流,,,,无音频,0.520
奇光主播8009547,https://live.ottiptv.cc/douyu/8009547,,,,,,,,,,,tvbwipv_4.txt,2400,403,无视频流,,,,无音频,1.365
蕃薯粥粥煮好了11878141,https://live.ottiptv.cc/douyu/11878141,,,,,,,,,,,tvbwipv_4.txt,2441,403,无视频流,,,,无音频,1.469
ELTV娛樂,https://mao.ffmking888.dpdns.org/?id=5oSb54ia6YGU5aib5qiC5Yaw&auth=30234cedf871581989d3c91a3daec1e9f50e024aafcfa2247e7d44d91bb8d02fbc3f571b2d67f9d82642cc1d0f133d89,,,,,,,,,,,tvbwipv_4.txt,507,530,无视频流,,,,无音频,0.154
小毅主播q6906628,https://live.ottiptv.cc/douyu/6906628,,,,,,,,,,,tvbwipv_4.txt,2405,403,无视频流,,,,无音频,2.720
時尚運動X,http://xtvantsc.xyz/litv_ts.php?id=4gtv-4gtv014,,,,,,,,,,,tvbwipv_4.txt,339,200,无视频流,,,,无音频,0.406
采昌影劇台,http://xtvantsc.xyz/litv_ts.php?id=4gtv-4gtv049,,,,,,,,,,,tvbwipv_4.txt,171,200,无视频流,,,,无音频,0.393
baby丶贝贝431460,https://live.ottiptv.cc/douyu/431460,,,,,,,,,,,tvbwipv_4.txt,2219,403,无视频流,,,,无音频,1.273
博斯高球2,http://breezy-audrie-zspace-7524863c.koyeb.app/vipsir?token=leifeng&id=litv-longturn06,,,,,,,,,,,tvbwipv_4.txt,272,200,无视频流,,,,无音频,6.710
公視戲劇台,http://breezy-audrie-zspace-7524863c.koyeb.app/vipsir?token=leifeng&id=4gtv-4gtv042,,,,,,,,,,,tvbwipv_4.txt,268,200,无视频流,,,,无音频,6.722
博斯無限1,http://breezy-audrie-zspace-7524863c.koyeb.app/vipsir?token=leifeng&id=litv-longturn10,,,,,,,,,,,tvbwipv_4.txt,268,200,无视频流,,,,无音频,6.718
視納華仁紀實,http://breezy-audrie-zspace-7524863c.koyeb.app/vipsir?token=leifeng&id=4gtv-4gtv013,,,,,,,,,,,tvbwipv_4.txt,267,200,无视频流,,,,无音频,6.715
公視戲劇台,https://mao.ffmking888.dpdns.org/?id=5YWs6KaW5oiy5YqH&auth=30234cedf871581989d3c91a3daec1e9f50e024aafcfa2247e7d44d91bb8d02fbc3f571b2d67f9d82642cc1d0f133d89,,,,,,,,,,,tvbwipv_4.txt,267,530,无视频流,,,,无音频,0.159
智林體育台,https://mao.ffmking888.dpdns.org/?id=5pm65p6X6auU6IKy5Yaw&auth=30234cedf871581989d3c91a3daec1e9f50e024aafcfa2247e7d44d91bb8d02fbc3f571b2d67f9d82642cc1d0f133d89,,,,,,,,,,,tvbwipv_4.txt,23,530,无视频流,,,,无音频,0.158
博斯網球1,http://breezy-audrie-zspace-7524863c.koyeb.app/vipsir?token=leifeng&id=litv-longturn09,,,,,,,,,,,tvbwipv_4.txt,270,200,无视频流,,,,无音频,6.239
台灣戲劇台,http://xtvantsc.xyz/litv_ts.php?id=litv-longturn22,,,,,,,,,,,tvbwipv_4.txt,331,200,无视频流,,,,无音频,0.429
豬哥亮歌廳秀,http://breezy-audrie-zspace-7524863c.koyeb.app/vipsir?token=leifeng&id=4gtv-4gtv006,,,,,,,,,,,tvbwipv_4.txt,271,200,无视频流,,,,无音频,6.255
達文西頻道,https://mao.ffmking888.dpdns.org/?id=6YGU5paH6KWz6aC76YGT&auth=30234cedf871581989d3c91a3daec1e9f50e024aafcfa2247e7d44d91bb8d02fbc3f571b2d67f9d82642cc1d0f133d89,,,,,,,,,,,tvbwipv_4.txt,49,530,无视频流,,,,无音频,0.144
ELTV娛樂,http://breezy-audrie-zspace-7524863c.koyeb.app/vipsir?token=leifeng&id=4gtv-4gtv070,,,,,,,,,,,tvbwipv_4.txt,296,200,无视频流,,,,无音频,6.234
時尚運動X,https://mao.ffmking888.dpdns.org/?id=5pmC5bCa6YGL5YuVWAxx&auth=30234cedf871581989d3c91a3daec1e9f50e024aafcfa2247e7d44d91bb8d02fbc3f571b2d67f9d82642cc1d0f133d89,,,,,,,,,,,tvbwipv_4.txt,611,530,无视频流,,,,无音频,0.175
達文西頻道,http://xtvantsc.xyz/litv_ts.php?id=4gtv-4gtv018,,,,,,,,,,,tvbwipv_4.txt,336,200,无视频流,,,,无音频,0.402
港片 喜剧 动作,https://yylunbo.ottiptv.cc/yy/1355480591,,,,,,,,,,,tvbwipv_4.txt,256,502,无视频流,,,,无音频,0.359
Smart知識台,http://breezy-audrie-zspace-7524863c.koyeb.app/vipsir?token=leifeng&id=litv-longturn19,,,,,,,,,,,tvbwipv_4.txt,22,200,无视频流,,,,无音频,7.067
采昌影劇台,http://breezy-audrie-zspace-7524863c.koyeb.app/vipsir?token=leifeng&id=4gtv-4gtv049,,,,,,,,,,,tvbwipv_4.txt,16,200,无视频流,,,,无音频,6.248
台灣戲劇台,http://breezy-audrie-zspace-7524863c.koyeb.app/vipsir?token=leifeng&id=litv-longturn22,,,,,,,,,,,tvbwipv_4.txt,271,200,无视频流,,,,无音频,6.219
博斯運動1,http://breezy-audrie-zspace-7524863c.koyeb.app/vipsir?token=leifeng&id=litv-longturn07,,,,,,,,,,,tvbwipv_4.txt,275,200,无视频流,,,,无音频,6.212
亞洲旅遊台,http://breezy-audrie-zspace-7524863c.koyeb.app/vipsir?token=leifeng&id=4gtv-4gtv076,,,,,,,,,,,tvbwipv_4.txt,272,200,无视频流,,,,无音频,6.183
永远快乐的小美女6091425,https://live.ottiptv.cc/douyu/6091425,,,,,,,,,,,tvbwipv_4.txt,2631,403,无视频流,,,,无音频,1.844
博斯無限2,http://breezy-audrie-zspace-7524863c.koyeb.app/vipsir?token=leifeng&id=litv-longturn13,,,,,,,,,,,tvbwipv_4.txt,275,200,无视频流,,,,无音频,6.320
博斯高球1,http://breezy-audrie-zspace-7524863c.koyeb.app/vipsir?token=leifeng&id=litv-longturn05,,,,,,,,,,,tvbwipv_4.txt,300,200,无视频流,,,,无音频,6.142
美國之音,http://breezy-audrie-zspace-7524863c.koyeb.app/vipsir?token=leifeng&id=litv-ftv03,,,,,,,,,,,tvbwipv_4.txt,275,200,无视频流,,,,无音频,6.137
達文西頻道,http://breezy-audrie-zspace-7524863c.koyeb.app/vipsir?token=leifeng&id=4gtv-4gtv018,,,,,,,,,,,tvbwipv_4.txt,17,200,无视频流,,,,无音频,4.597
時尚運動X,http://breezy-audrie-zspace-7524863c.koyeb.app/vipsir?token=leifeng&id=4gtv-4gtv014,,,,,,,,,,,tvbwipv_4.txt,278,200,无视频流,,,,无音频,6.165
博斯魅力,http://breezy-audrie-zspace-7524863c.koyeb.app/vipsir?token=leifeng&id=litv-longturn04,,,,,,,,,,,tvbwipv_4.txt,41,200,无视频流,,,,无音频,6.147
博斯運動2,http://breezy-audrie-zspace-7524863c.koyeb.app/vipsir?token=leifeng&id=litv-longturn08,,,,,,,,,,,tvbwipv_4.txt,283,200,无视频流,,,,无音频,6.163
GINXEsportsTV,http://breezy-audrie-zspace-7524863c.koyeb.app/vipsir?token=leifeng&id=4gtv-4gtv053,,,,,,,,,,,tvbwipv_4.txt,17,200,无视频流,,,,无音频,6.121
智林體育台,http://breezy-audrie-zspace-7524863c.koyeb.app/vipsir?token=leifeng&id=4gtv-4gtv101,,,,,,,,,,,tvbwipv_4.txt,22,200,无视频流,,,,无音频,6.261
Smart知識台,https://edgeone.passwdword.xyz/ofiii.php?token=passwd&id=litv-longturn19,,,,,,,,,,,tvbwipv_4.txt,1684,200,无视频流,,,,无音频,12.340
亞洲旅遊台,https://edgeone.passwdword.xyz/ofiii.php?token=passwd&id=4gtv-4gtv076,,,,,,,,,,,tvbwipv_4.txt,1678,200,无视频流,,,,无音频,12.364
ELTV生活英語台,https://edgeone.passwdword.xyz/ofiii.php?token=passwd&id=litv-longturn20,,,,,,,,,,,tvbwipv_4.txt,1660,200,无视频流,,,,无音频,14.396
台灣戲劇台,https://edgeone.passwdword.xyz/ofiii.php?token=passwd&id=litv-longturn22,,,,,,,,,,,tvbwipv_4.txt,1391,200,无视频流,,,,无音频,17.254
