频道名,地址,回播地址,回播类型,回播天数,tvg-id,tvg-name,国家分组,语言分组,图标,原分组,分辨率,来源文件
超级体育,http://ottrrs.hl.chinamobile.com/PLTV/88888888/224/3221225715/index.m3u8,,,,,,,,,,,CCSH.txt
超级电影,http://ottrrs.hl.chinamobile.com/PLTV/88888888/224/3221225717/index.m3u8,,,,,,,,,,,CCSH.txt
超级电视剧,http://ottrrs.hl.chinamobile.com/PLTV/88888888/224/3221225716/index.m3u8,,,,,,,,,,,CCSH.txt
超级综艺,http://ottrrs.hl.chinamobile.com/PLTV/88888888/224/3221225714/index.m3u8,,,,,,,,,,,CCSH.txt
金牌综艺,http://ottrrs.hl.chinamobile.com/PLTV/88888888/224/3221225666/index.m3u8,,,,,,,,,,,CCSH.txt
金牌综艺,https://live.264788.xyz/channel/newtvjinpaizongyi?streamid=5304acf01d4e44a0b4a5ad985a8a42d9&livekey=01WgOR41rriMmMkzNsd0UoaxJRwetZdxIvtVk,,,,,,,,,,,CCSH.txt
金牌综艺,https://live.264788.xyz/channel/newtvjinpaizongyi?streamid=89d02e4874ce2908ec94af857b71cdf4&livekey=01WgOR41rriMmMkzNsd0UoaxJRwetZdxIvtVk,,,,,,,,,,,CCSH.txt
黑莓动画,http://ottrrs.hl.chinamobile.com/PLTV/88888888/224/3221225662/index.m3u8,,,,,,,,,,,CCSH.txt
黑莓动画,https://live.264788.xyz/channel/heimeidonghua?streamid=7e2280fb52eae0bc10c4fa7c703196ae&livekey=01WgOR41rriMmMkzNsd0UoaxJRwetZdxIvtVk,,,,,,,,,,,CCSH.txt
黑莓动画,https://live.264788.xyz/channel/heimeidonghua?streamid=e28cd42e24738c192f5bf90ad9b909da&livekey=01WgOR41rriMmMkzNsd0UoaxJRwetZdxIvtVk,,,,,,,,,,,CCSH.txt
黑莓电影,http://ottrrs.hl.chinamobile.com/PLTV/88888888/224/3221225743/index.m3u8,,,,,,,,,,,CCSH.txt
黑莓电影,https://live.264788.xyz/channel/heimeidianying?streamid=0f69ac869129727458832b942c7e0b26&livekey=01WgOR41rriMmMkzNsd0UoaxJRwetZdxIvtVk,,,,,,,,,,,CCSH.txt
黑莓电影,https://live.264788.xyz/channel/heimeidianying?streamid=1b32cef95de9f8ad569ac3a133ae72f8&livekey=01WgOR41rriMmMkzNsd0UoaxJRwetZdxIvtVk,,,,,,,,,,,CCSH.txt
ELEVEN体育1,https://stream1.freetv.fun/eltaai-er-da-ti-yu--1--wj-1.ctv,,,,,,,,,,,CCSH.txt
ELEVEN体育2,https://stream1.freetv.fun/eltaai-er-da-ti-yu--2--wj-1.ctv,,,,,,,,,,,CCSH.txt
五星体育,https://stream1.freetv.fun/wu-xing-ti-yu-5.m3u8,,,,,,,,,,,CCSH.txt
五星体育,https://stream1.freetv.fun/wu-xing-ti-yu-13.ctv,,,,,,,,,,,CCSH.txt
五星体育,https://stream1.freetv.fun/ipv6-wu-xing-ti-yu-2.m3u8,,,,,,,,,,,CCSH.txt
五星体育,https://stream1.freetv.fun/wu-xing-ti-yu-10.m3u8,,,,,,,,,,,CCSH.txt
五星体育,https://stream1.freetv.fun/ipv6-wu-xing-ti-yu-6.m3u8,,,,,,,,,,,CCSH.txt
五星体育,https://stream1.freetv.fun/ipv6-wu-xing-ti-yu-10.m3u8,,,,,,,,,,,CCSH.txt
五星体育,https://stream1.freetv.fun/ipv6-wu-xing-ti-yu-7.m3u8,,,,,,,,,,,CCSH.txt
五星体育,https://shcm-stream-cf1.stream.264788.xyz/cms001/ch00000090990000001018/index.m3u8?streamid=5d17da390f8e4805aae4a71868d4ef6c&streamkey=01vY5fRxC8VyKg0PICr0SVkCGXpCWCmlVyXqG8bUF7IEud8pEwewFuJf6bh0h8a6SGm05RZ7OONZ3PbgJIxHCHprQKAhhj01bBukHFRvFGMefpNSbyD2pFn&token=1775755189-d5b13aa9f290011f-0-5ad7b909aad65e335d8f5ca0ef8fad49,,,,,,,,,,,CCSH.txt
五星体育,http://live.xmcdn.com/live/57/64.m3u8,,,,,,,,,,,CCSH.txt
五星体育,https://stream1.freetv.fun/wu-xing-ti-yu-7.m3u8,,,,,,,,,,,CCSH.txt
五星体育,https://stream1.freetv.fun/wu-xing-ti-yu-15.m3u8,,,,,,,,,,,CCSH.txt
五星体育,https://stream1.freetv.fun/wu-xing-ti-yu-12.m3u8,,,,,,,,,,,CCSH.txt
五星体育,https://stream1.freetv.fun/wu-xing-ti-yu-4.m3u8,,,,,,,,,,,CCSH.txt
五星体育,https://stream1.freetv.fun/wu-xing-ti-yu-14.m3u8,,,,,,,,,,,CCSH.txt
五星体育,https://stream1.freetv.fun/wu-xing-ti-yu-3.m3u8,,,,,,,,,,,CCSH.txt
五星体育,https://stream1.freetv.fun/ipv6-wu-xing-ti-yu-8.m3u8,,,,,,,,,,,CCSH.txt
五星体育,https://stream1.freetv.fun/ipv6-wu-xing-ti-yu-1.m3u8,,,,,,,,,,,CCSH.txt
五星体育,https://stream1.freetv.fun/wu-xing-ti-yu-2.m3u8,,,,,,,,,,,CCSH.txt
五星体育,https://stream1.freetv.fun/wu-xing-ti-yu-1.m3u8,,,,,,,,,,,CCSH.txt
劲爆体育,http://120.238.94.82:9901/tsfile/live/1086_1.m3u8,,,,,,,,,,,CCSH.txt
劲爆体育,http://183.237.95.108:9901/tsfile/live/1074_1.m3u8?key=txiptv&playlive=0&authid=0,,,,,,,,,,,CCSH.txt
咪咕体育,http://ottrrs.hl.chinamobile.com/PLTV/88888888/224/3221226398/index.m3u8,,,,,,,,,,,CCSH.txt
广东体育,https://stream1.freetv.fun/1d9901836bfdd83dcc89edf1fb53c3f62393cd672a8d49266af2c8130921b0ee.m3u8,,,,,,,,,,,CCSH.txt
广东体育,https://stream1.freetv.fun/e05d674500d8dcf73754cb11d4dcd8ef9e88f287888a1b71fd0766e90963db66.m3u8,,,,,,,,,,,CCSH.txt
广东体育,https://stream1.freetv.fun/869475cf6ab5d187816a1b7fbd8649cfc0b41c452e5595eabb2a36e51a61eecf.m3u8,,,,,,,,,,,CCSH.txt
广东体育,https://stream1.freetv.fun/3864d41a409cbbbd8579e4ec03eb47e6cf65b15f5cae7c3cd44ccd4b9991a017.m3u8,,,,,,,,,,,CCSH.txt
广东体育,http://cdn2.132.us.kg/live/gdty/stream.m3u8,,,,,,,,,,,CCSH.txt
广东体育,https://stream1.freetv.fun/yan-dong-ti-yu-gao-qing-2.m3u8,,,,,,,,,,,CCSH.txt
广东体育,https://stream1.freetv.fun/yan-dong-ti-yu-16.m3u8,,,,,,,,,,,CCSH.txt
广东体育,https://stream1.freetv.fun/yan-dong-ti-yu-24.m3u8,,,,,,,,,,,CCSH.txt
广东体育,https://stream1.freetv.fun/yan-dong-ti-yu-23.ctv,,,,,,,,,,,CCSH.txt
广东体育,https://stream1.freetv.fun/yan-dong-ti-yu-16.ctv,,,,,,,,,,,CCSH.txt
广东体育,https://stream1.freetv.fun/yan-dong-ti-yu-7.ctv,,,,,,,,,,,CCSH.txt
广东体育,https://stream1.freetv.fun/yan-dong-ti-yu-34.ctv,,,,,,,,,,,CCSH.txt
广东体育,https://stream1.freetv.fun/yan-dong-ti-yu-12.ctv,,,,,,,,,,,CCSH.txt
广东体育,https://stream1.freetv.fun/yan-dong-ti-yu-14.ctv,,,,,,,,,,,CCSH.txt
广东体育,https://stream1.freetv.fun/yan-dong-ti-yu-17.m3u8,,,,,,,,,,,CCSH.txt
睛彩竞技,http://ottrrs.hl.chinamobile.com/PLTV/88888888/224/3221226472/index.m3u8,,,,,,,,,,,CCSH.txt
睛彩竞技,http://feilong123.vip/409990236/iptv/gdy.php?id=24,,,,,,,,,,,CCSH.txt
睛彩竞技,http://feilong123.vip/409990236/iptv/gdy.php?id=18,,,,,,,,,,,CCSH.txt
睛彩竞技,https://mytveo.hxfkof.ggff.net/?streamid=JRpYfAM8hGxCBaaGorJoSaFPHbJe3A5sBxRvaQxYnNYSRcz3F37wlwZ85jA3i5YB2h58MbTgOcepxi_IyLcTwEeDhR2xheD7FikzEjlZpIyTMyHXHP9cO7nZ4AldvxgX5hKASAHKX5cRIT_BKUVY7WTqprEPmVl9AHL9DFg,,,,,,,,,,,CCSH.txt
睛彩竞技,https://mytveo.hxfkof.ggff.net/?streamid=tJPzqC0JaghJRBht8o2sqR8y-MHKn8SLuI59asu37TsZQIE4jNFNKMDgIFuWbeBYpb5sGQigAudb4w4EtHIy5WFXP77aJqf7OQLC-R69eJp5wvTPXsU6FAvmUoCUroYCA2krk2MgdQe0ug3NR0w5mIReolow5VWDrDETEU8,,,,,,,,,,,CCSH.txt
睛彩竞技,https://live.264788.xyz/channel/jingcaijingji?streamid=cffe5950999e75e007bd4a9f450fcf3b&livekey=01WgOR41rriMmMkzNsd0UoaxJRwetZdxIvtVk,,,,,,,,,,,CCSH.txt
睛彩竞技,https://live.264788.xyz/channel/jingcaijingji?streamid=eafaa1aba48501f9179c81f2d8130032&livekey=01WgOR41rriMmMkzNsd0UoaxJRwetZdxIvtVk,,,,,,,,,,,CCSH.txt
睛彩篮球,http://ottrrs.hl.chinamobile.com/PLTV/88888888/224/3221226469/index.m3u8,,,,,,,,,,,CCSH.txt
睛彩篮球,http://feilong123.vip/409990236/iptv/gdy.php?id=2,,,,,,,,,,,CCSH.txt
睛彩篮球,http://feilong123.vip/409990236/iptv/gdy.php?id=23,,,,,,,,,,,CCSH.txt
睛彩篮球,https://mytveo.hxfkof.ggff.net/?streamid=-bWznOcqDxlKS-qQrDCxKM8alxV7MwVB3mAfkjDl2nl5UeujK7fdJ7DglYIgCfK0nMbCs9eyJndTGHFrMnbswasYbAjUnPNM5ntiiN4Nre5fAcRinnjjfqsguFzdqXzHkMXMmvFv4vMxlb8EJgsCSXX9i4nw8HBYh_pECkA,,,,,,,,,,,CCSH.txt
睛彩篮球,https://mytveo.hxfkof.ggff.net/?streamid=WTQpsSQ_5tzgSjaYqfLXicmcJyAcozCz5XsRvyABpdhN10qlSK-mPND7CaaRqNhLlu0T0t8bYnejkhww4Z7zgALoHHDOkpgNhJVOrPZRrAU19U4YsoEdUY4Zcokzh4q4jKcQXAq0u5J_vJ9IA083gd85mwoVO3X-BT-qBQQ,,,,,,,,,,,CCSH.txt
睛彩篮球,https://live.264788.xyz/channel/jingcailanqiu?streamid=38ee65d3b9fee2eb971b05b0a134978a&livekey=01WgOR41rriMmMkzNsd0UoaxJRwetZdxIvtVk,,,,,,,,,,,CCSH.txt
睛彩篮球,https://live.264788.xyz/channel/jingcailanqiu?streamid=40e579f6c4fc2784fadd3338b2de8b93&livekey=01WgOR41rriMmMkzNsd0UoaxJRwetZdxIvtVk,,,,,,,,,,,CCSH.txt
纬来体育,https://stream1.freetv.fun/wei-lai-ti-yu-3.m3u8,,,,,,,,,,,CCSH.txt
纬来体育,https://stream1.freetv.fun/wei-lai-ti-yu-9.ctv,,,,,,,,,,,CCSH.txt
纬来体育,http://zb.xmzb.xyz/123.php?id=⚽马上oppppp一纬来体育,,,,,,,,,,,CCSH.txt
辽宁体育,http://120.76.248.139/live/bfgd/4200000611.m3u8,,,,,,,,,,,CCSH.txt
辽宁体育,http://dassby.qqff.top:99/live/辽宁体育/index.m3u8,,,,,,,,,,,CCSH.txt
辽宁体育,https://stream1.freetv.fun/liao-zhu-ti-yu-3.m3u8,,,,,,,,,,,CCSH.txt
魅力足球,https://stream1.freetv.fun/mei-li-zu-qiu-2.m3u8,,,,,,,,,,,CCSH.txt
魅力足球,https://stream1.freetv.fun/mei-li-zu-qiu-5.ctv,,,,,,,,,,,CCSH.txt
魅力足球,https://stream1.freetv.fun/ipv6-mei-li-zu-qiu-5.m3u8,,,,,,,,,,,CCSH.txt
魅力足球,https://stream1.freetv.fun/mei-li-zu-qiu-4.ctv,,,,,,,,,,,CCSH.txt
魅力足球,https://stream1.freetv.fun/ipv6-mei-li-zu-qiu-3.m3u8,,,,,,,,,,,CCSH.txt
魅力足球,https://stream1.freetv.fun/mei-li-zu-qiu-3.m3u8,,,,,,,,,,,CCSH.txt
魅力足球,http://dassby.qqff.top:99/live/快乐垂钓/index.m3u8,,,,,,,,,,,CCSH.txt
游戏风云,https://shcm-stream-cf1.stream.264788.xyz/cms001/ch00000090990000001192/index.m3u8?streamid=6e817b754189d2c8f7b32e7bff61ac7b&streamkey=0WsC3jqv5pZMcRJN4iLEfCDReU6bHa8VQHA2OoTPPHHHklKs7Ps1TxXTNRw3AWWvBXq6lc83slpk5b3CxE02co2sKImIvvFAUKFZqjTuOgZH8ZIJ5x67AUtee&token=1775754751-c298233c747ab7dc-0-3308e179002cb6f62b621342e893b035,,,,,,,,,,,CCSH.txt
游戏风云,http://dassby.qqff.top:99/live/游戏风云/index.m3u8,,,,,,,,,,,CCSH.txt
游戏风云,https://live.264788.xyz/channel/youxifengyun?streamid=07e90ddeb9e01a72addf4dd310ebe1cf&livekey=01WgOR41rriMmMkzNsd0UoaxJRwetZdxIvtVk,,,,,,,,,,,CCSH.txt
游戏风云,https://live.264788.xyz/channel/youxifengyun?streamid=49dcecc843de685ba1f6337febacc78e&livekey=01WgOR41rriMmMkzNsd0UoaxJRwetZdxIvtVk,,,,,,,,,,,CCSH.txt
游戏风云,https://live.264788.xyz/channel/youxifengyun?streamid=6e817b754189d2c8f7b32e7bff61ac7b&livekey=01WgOR41rriMmMkzNsd0UoaxJRwetZdxIvtVk,,,,,,,,,,,CCSH.txt
游戏风云,https://live.264788.xyz/channel/youxifengyun?streamid=9d151740f57f6bd412bb6f101204b7bd&livekey=01WgOR41rriMmMkzNsd0UoaxJRwetZdxIvtVk,,,,,,,,,,,CCSH.txt
解说_亮哥讲电影,https://lbds.us.ci/16144175,,,,,,,,,,,CCSH.txt
解说_小川侃电影,https://lbds.us.ci/15870999,,,,,,,,,,,CCSH.txt
解说_扁豆看电影,https://lbds.us.ci/16028551,,,,,,,,,,,CCSH.txt
解说_扁豆看电影,https://www.goodiptv.club/huya/16028551,,,,,,,,,,,CCSH.txt
解说_斌哥漫说,https://lbds.us.ci/18632116,,,,,,,,,,,CCSH.txt
解说_阿斗说电影,https://lbds.us.ci/13303478,,,,,,,,,,,CCSH.txt
解说_阿良说剧,https://lbds.us.ci/20488841,,,,,,,,,,,CCSH.txt
阿斗归来了,https://www.goodiptv.club/huya/13303478,,,,,,,,,,,CCSH.txt
CN卡通,http://23.237.104.106:8080/USA_CARTOON_NETWORK/tracks-v1a1/mono.m3u8,,,,,,,,,,,CCSH.txt
CN卡通,https://stream1.freetv.fun/cnqia-tong-1.m3u8,,,,,,,,,,,CCSH.txt
CN卡通,https://stream1.freetv.fun/cnqia-tong-2.m3u8,,,,,,,,,,,CCSH.txt
CN卡通,http://fm1077.serv00.net/Smart.php?id=momo1_twn,,,,,,,,,,,CCSH.txt
七龙珠「动漫」,http://1.94.31.214:35455/huya/11601966,,,,,,,,,,,CCSH.txt
中华小当家,http://61.221.215.25:8800/hls/40/index.m3u8,,,,,,,,,,,CCSH.txt
优漫卡通,http://ottrrs.hl.chinamobile.com/PLTV/88888888/224/3221225656/index.m3u8,,,,,,,,,,,CCSH.txt
优漫卡通,https://stream1.freetv.fun/61f1d51aed4a6e4ad9cde2362c1b00cd4cc8fb72bcf69d78458d36a46822d598.m3u8,,,,,,,,,,,CCSH.txt
优漫卡通,https://stream1.freetv.fun/4f3e660db4b75f218546c35fbdf55813ca1cd497ebcaa5fa4d873cff81c402f5.m3u8,,,,,,,,,,,CCSH.txt
优漫卡通,https://stream1.freetv.fun/ac5eafae4e70b19313da6c3dab1c94cf397035762561a767f703c1706b173488.m3u8,,,,,,,,,,,CCSH.txt
优漫卡通,https://stream1.freetv.fun/9a50e666912cb82bd584eb50bb030b7f654275ed05a586ef3c63ac39789df94b.m3u8,,,,,,,,,,,CCSH.txt
优漫卡通,https://stream1.freetv.fun/4073fb5ec1ec48f010e1db882aeb63ddc7104c56c5c729c4d08e932d585591a8.m3u8,,,,,,,,,,,CCSH.txt
优漫卡通,http://8.135.27.147:1234/626064703,,,,,,,,,,,CCSH.txt
优漫卡通,http://14.153.176.89:1234/626064703,,,,,,,,,,,CCSH.txt
优漫卡通,http://123.113.205.253:3000/626064703,,,,,,,,,,,CCSH.txt
优漫卡通,http://101.6.130.102:1234/626064703,,,,,,,,,,,CCSH.txt
优漫卡通,http://111.122.65.136:1234/626064703,,,,,,,,,,,CCSH.txt
优漫卡通,http://27.12.12.42:1234/626064703,,,,,,,,,,,CCSH.txt
动漫秀场,https://stream1.freetv.fun/116b072fce86ad7fb72e6cb782fc5e85b72e4bae044922c23b702e6aa5a3adb8.m3u8,,,,,,,,,,,CCSH.txt
动漫秀场,https://stream1.freetv.fun/c1a9c0728c4a8d7636c7de8d4f69f3abdc906231ea7f7e72d59433843738617f.m3u8,,,,,,,,,,,CCSH.txt
动漫秀场,https://stream1.freetv.fun/3db4e163a68d0e426d82c41072c03763ff9708ec882448590e3096d87f073067.m3u8,,,,,,,,,,,CCSH.txt
动漫秀场,https://stream1.freetv.fun/7e65432fb94551c8a7abf4afa8996c11471807bf9cf6ec1a3e49a2c25b2c1f58.m3u8,,,,,,,,,,,CCSH.txt
动漫秀场,https://stream1.freetv.fun/dong-man-xiu-chang-21.m3u8,,,,,,,,,,,CCSH.txt
动漫秀场,https://stream1.freetv.fun/dong-man-xiu-chang-19.m3u8,,,,,,,,,,,CCSH.txt
动漫秀场,https://stream1.freetv.fun/dong-man-xiu-chang-25.ctv,,,,,,,,,,,CCSH.txt
动漫秀场,https://stream1.freetv.fun/ipv6-dong-man-xiu-chang-4.m3u8,,,,,,,,,,,CCSH.txt
动漫秀场,https://stream1.freetv.fun/ipv6-dong-man-xiu-chang-3.m3u8,,,,,,,,,,,CCSH.txt
动漫秀场,https://stream1.freetv.fun/dong-man-xiu-chang-19.ctv,,,,,,,,,,,CCSH.txt
动漫秀场,https://stream1.freetv.fun/dong-man-xiu-chang-7.ctv,,,,,,,,,,,CCSH.txt
动漫秀场,https://stream1.freetv.fun/dong-man-xiu-chang-1.ctv,,,,,,,,,,,CCSH.txt
动漫秀场,https://stream1.freetv.fun/dong-man-xiu-chang-20.m3u8,,,,,,,,,,,CCSH.txt
动漫秀场,https://stream1.freetv.fun/dong-man-xiu-chang-12.m3u8,,,,,,,,,,,CCSH.txt
卡酷少儿,http://ottrrs.hl.chinamobile.com/PLTV/88888888/224/3221225654/index.m3u8,,,,,,,,,,,CCSH.txt
卡酷少儿,https://stream1.freetv.fun/9f120845043130d2f249edcd09bb0a6de8d10054063288989272dfa7879b9228.m3u8,,,,,,,,,,,CCSH.txt
卡酷少儿,https://stream1.freetv.fun/dcbc7525aff33fe5ac2363981c8fc101d4f0d9d7cd0796427ac956214b9230a4.m3u8,,,,,,,,,,,CCSH.txt
卡酷少儿,http://38.75.136.137:98/gslb/dsdqpub/btvkk.m3u8?auth=testpub,,,,,,,,,,,CCSH.txt
卡酷少儿,http://198.204.228.26/live/btvkk.m3u8,,,,,,,,,,,CCSH.txt
卡酷少儿,http://192.151.150.154/live/btvkk.m3u8,,,,,,,,,,,CCSH.txt
卡酷少儿,https://live.264788.xyz/channel/kakushaoer?streamid=9790024c634b5633ec893d56dad34a74&livekey=01WgOR41rriMmMkzNsd0UoaxJRwetZdxIvtVk,,,,,,,,,,,CCSH.txt
卡酷少儿,https://live.264788.xyz/channel/kakushaoer?streamid=213fa3c42c397943bc8305af3f5025e7&livekey=01WgOR41rriMmMkzNsd0UoaxJRwetZdxIvtVk,,,,,,,,,,,CCSH.txt
卡酷少儿,https://live.264788.xyz/channel/kakushaoer?streamid=e3c5e2aec1f1cf295a1323602a0ed8dd&livekey=01WgOR41rriMmMkzNsd0UoaxJRwetZdxIvtVk,,,,,,,,,,,CCSH.txt
卡酷少儿,https://live.264788.xyz/channel/kakushaoer?streamid=b995c77c74609af63686e0fc4b5688c4&livekey=01WgOR41rriMmMkzNsd0UoaxJRwetZdxIvtVk,,,,,,,,,,,CCSH.txt
卡酷少儿,https://live.264788.xyz/channel/kakushaoer?streamid=f069028f0dff385fda42852ff102b4b9&livekey=01WgOR41rriMmMkzNsd0UoaxJRwetZdxIvtVk,,,,,,,,,,,CCSH.txt
卡酷少儿,https://live.264788.xyz/channel/kakushaoer?streamid=f6f34f478523a4a98d075253b716da80&livekey=01WgOR41rriMmMkzNsd0UoaxJRwetZdxIvtVk,,,,,,,,,,,CCSH.txt
卡酷少儿,https://live.264788.xyz/channel/kakushaoer?streamid=075590d5ea37c60bf4e538a074cd094d&livekey=01WgOR41rriMmMkzNsd0UoaxJRwetZdxIvtVk,,,,,,,,,,,CCSH.txt
卡酷少儿,https://live.264788.xyz/channel/kakushaoer?streamid=04894ea6b243c57dfbb535da040373c8&livekey=01WgOR41rriMmMkzNsd0UoaxJRwetZdxIvtVk,,,,,,,,,,,CCSH.txt
卡酷少儿,http://218.13.170.98:9901/tsfile/live/1021_1.m3u8#http://qjrhc.jydjd.top:2911/udp/224.1.100.146:11111,,,,,,,,,,,CCSH.txt
双月之城-国漫,https://live.ottiptv.cc/yy/1382736907,,,,,,,,,,,CCSH.txt
名侦探柯南,https://lbds.us.ci/30080236,,,,,,,,,,,CCSH.txt
哈哈炫动,http://ottrrs.hl.chinamobile.com/PLTV/88888888/224/3221225657/index.m3u8,,,,,,,,,,,CCSH.txt
哈哈炫动,https://stream1.freetv.fun/ha-ha-xuan-dong-21.m3u8,,,,,,,,,,,CCSH.txt
哈哈炫动,https://stream1.freetv.fun/ipv6-ha-ha-xuan-dong-8.m3u8,,,,,,,,,,,CCSH.txt
哈哈炫动,https://stream1.freetv.fun/ipv6-ha-ha-xuan-dong-1.m3u8,,,,,,,,,,,CCSH.txt
哈哈炫动,https://stream1.freetv.fun/ipv6-ha-ha-xuan-dong-10.m3u8,,,,,,,,,,,CCSH.txt
哈哈炫动,https://stream1.freetv.fun/ha-ha-xuan-dong-11.m3u8,,,,,,,,,,,CCSH.txt
哈哈炫动,https://stream1.freetv.fun/ha-ha-xuan-dong-19.m3u8,,,,,,,,,,,CCSH.txt
哈哈炫动,https://stream1.freetv.fun/ha-ha-xuan-dong-1.m3u8,,,,,,,,,,,CCSH.txt
哈哈炫动,https://stream1.freetv.fun/ha-ha-xuan-dong-7.m3u8,,,,,,,,,,,CCSH.txt
哈哈炫动,https://stream1.freetv.fun/ha-ha-xuan-dong-6.m3u8,,,,,,,,,,,CCSH.txt
哈哈炫动,https://stream1.freetv.fun/ha-ha-xuan-dong-16.m3u8,,,,,,,,,,,CCSH.txt
嘉佳卡通,http://183.11.239.36:808/hls/8/index.m3u8,,,,,,,,,,,CCSH.txt
嘉佳卡通,https://stream1.freetv.fun/jia-jia-qia-tong-2.ctv,,,,,,,,,,,CCSH.txt
嘉佳卡通,https://stream1.freetv.fun/jia-jia-qia-tong-26.ctv,,,,,,,,,,,CCSH.txt
嘉佳卡通,https://stream1.freetv.fun/jia-jia-qia-tong-4.ctv,,,,,,,,,,,CCSH.txt
嘉佳卡通,https://stream1.freetv.fun/jia-jia-qia-tong-30.m3u8,,,,,,,,,,,CCSH.txt
嘉佳卡通,https://stream1.freetv.fun/jia-jia-qia-tong-9.ctv,,,,,,,,,,,CCSH.txt
嘉佳卡通,https://stream1.freetv.fun/jia-jia-qia-tong-34.ctv,,,,,,,,,,,CCSH.txt
嘉佳卡通,https://stream1.freetv.fun/jia-jia-qia-tong-13.ctv,,,,,,,,,,,CCSH.txt
嘉佳卡通,https://stream1.freetv.fun/jia-jia-qia-tong-25.ctv,,,,,,,,,,,CCSH.txt
嘉佳卡通,https://stream1.freetv.fun/jia-jia-qia-tong-16.ctv,,,,,,,,,,,CCSH.txt
嘉佳卡通,https://stream1.freetv.fun/jia-jia-qia-tong-22.ctv,,,,,,,,,,,CCSH.txt
嘉佳卡通,https://stream1.freetv.fun/jia-jia-qia-tong-gao-qing-1.m3u8,,,,,,,,,,,CCSH.txt
嘉佳卡通,https://stream1.freetv.fun/jia-jia-qia-tong-14.ctv,,,,,,,,,,,CCSH.txt
嘉佳卡通,https://stream1.freetv.fun/jia-jia-qia-tong-23.m3u8,,,,,,,,,,,CCSH.txt
嘉佳卡通,https://stream1.freetv.fun/jia-jia-qia-tong-1.m3u8,,,,,,,,,,,CCSH.txt
嘉佳卡通,https://stream1.freetv.fun/jia-jia-qia-tong-19.ctv,,,,,,,,,,,CCSH.txt
嘉佳卡通,https://stream1.freetv.fun/jia-jia-qia-tong-27.ctv,,,,,,,,,,,CCSH.txt
嘉佳卡通,https://stream1.freetv.fun/jia-jia-qia-tong-5.ctv,,,,,,,,,,,CCSH.txt
嘉佳卡通,https://stream1.freetv.fun/jia-jia-qia-tong-21.ctv,,,,,,,,,,,CCSH.txt
嘉佳卡通,https://stream1.freetv.fun/jia-jia-qia-tong-18.ctv,,,,,,,,,,,CCSH.txt
宇宙护卫队--国漫,https://live.ottiptv.cc/yy/1382736837,,,,,,,,,,,CCSH.txt
新动漫,http://ottrrs.hl.chinamobile.com/PLTV/88888888/224/3221226515/index.m3u8,,,,,,,,,,,CCSH.txt
新动漫,http://hlsztemgsplive.miguvideo.com:8080/migu/kailu/ydcmxdm/50/20251225/index.m3u8?msisdn=2026052004021601e106e077954f17801f2552d89f58eb&mdspid=&spid=600603&netType=0&sid=5910022319&pid=2028597139&timestamp=20260520040216&Channel_ID=0116_2600000900-99000-201600010010027&ProgramID=961930269&ParentNodeID=-99&assertID=5910022319&client_ip=171.8.79.254&SecurityKey=20260520040216&promotionId=&mvid=5900006786&mcid=500020&playurlVersion=ZQ-A1-9.5.1-RELEASE&userid=&jmhm=&videocodec=h264&appCode=miguvideo_android&bean=mgspad&tid=android&conFee=0&encrypt=1a11ca0c96777fb1e90a3d47b24643db,,,,,,,,,,,CCSH.txt
新动漫,https://live.264788.xyz/channel/xindongman?streamid=c6c62aab419afb0b56149d04d3e5f4cc&livekey=01WgOR41rriMmMkzNsd0UoaxJRwetZdxIvtVk,,,,,,,,,,,CCSH.txt
新动漫,http://hlsztemgsplive.miguvideo.com:8080/migu/kailu/ydcmxdm/50/20251225/index.m3u8?msisdn=20260519080227a7a4e4d562cd4364b58026d71621879c&mdspid=&spid=600603&netType=0&sid=5910022319&pid=2028597139&timestamp=20260519080227&Channel_ID=0116_2600000900-99000-201600010010027&ProgramID=961930269&ParentNodeID=-99&assertID=5910022319&client_ip=171.8.79.254&SecurityKey=20260519080227&promotionId=&mvid=5900006786&mcid=500020&playurlVersion=WX-A1-9.5.1-RELEASE&userid=&jmhm=&videocodec=h264&appCode=miguvideo_android&bean=mgspad&tid=android&conFee=0&encrypt=1549ac201f06dde2430b27b0a15f6b44,,,,,,,,,,,CCSH.txt
新动漫,https://live.264788.xyz/channel/xindongman?streamid=85b0ac7f41afc70514c88a2805ac0dc3&livekey=01WgOR41rriMmMkzNsd0UoaxJRwetZdxIvtVk,,,,,,,,,,,CCSH.txt
新动漫,http://hlsztemgsplive.miguvideo.com:8080/migu/kailu/ydcmxdm/50/20251225/index.m3u8?msisdn=20260519040222c9e9fbb4f34844c3a8d4b4a27abb1458&mdspid=&spid=600603&netType=0&sid=5910022319&pid=2028597139&timestamp=20260519040222&Channel_ID=0116_2600000900-99000-201600010010027&ProgramID=961930269&ParentNodeID=-99&assertID=5910022319&client_ip=171.8.79.254&SecurityKey=20260519040222&promotionId=&mvid=5900006786&mcid=500020&playurlVersion=WX-A1-9.5.1-RELEASE&userid=&jmhm=&videocodec=h264&appCode=miguvideo_android&bean=mgspad&tid=android&conFee=0&encrypt=9eeb4e0af0e4f88b56e887903bb7299d,,,,,,,,,,,CCSH.txt
新动漫,http://14.153.176.89:1234/961930269,,,,,,,,,,,CCSH.txt
新动漫,http://8.135.27.147:1234/961930269,,,,,,,,,,,CCSH.txt
新动漫,http://101.6.130.102:1234/961930269,,,,,,,,,,,CCSH.txt
新动漫,http://113.46.143.74:5080/961930269,,,,,,,,,,,CCSH.txt
新动漫,http://59.110.175.70:10000/961930269,,,,,,,,,,,CCSH.txt
新动漫,http://gslbmgsplive.miguvideo.com/migu/kailu/ydcmxdm/51/20251225/index.m3u8?msisdn=facd53c7a647df17d746cf757614eb3f&mdspid=&spid=600603&netType=0&sid=5910022319&pid=2028597139&timestamp=20260519055024&Channel_ID=0116_2600034600-99000-201600010010028&ProgramID=961930269&ParentNodeID=-99&assertID=5910022319&client_ip=39.98.171.74&SecurityKey=20260519055024&promotionId=&mvid=5900006786&mcid=500020&playurlVersion=WX-A1-9.5.1-RELEASE&userid=&jmhm=&videocodec=h264&appCode=miguvideo_android&bean=mgspad&tid=android&conFee=0&puData=83c1f8f90fb20914038164c2375e2c8c&ddCalcu=c883vcca21aefa587f3920cf4b6210893104&sv=10004&ct=android,,,,,,,,,,,CCSH.txt
河北少儿科教,https://stream1.freetv.fun/he-bei-shao-er-ke-jiao-6.ctv,,,,,,,,,,,CCSH.txt
河北少儿科教,https://stream1.freetv.fun/he-bei-shao-er-ke-jiao-17.ctv,,,,,,,,,,,CCSH.txt
河北少儿科教,https://stream1.freetv.fun/he-bei-shao-er-ke-jiao-8.ctv,,,,,,,,,,,CCSH.txt
河北少儿科教,https://stream1.freetv.fun/he-bei-shao-er-ke-jiao-3.m3u8,,,,,,,,,,,CCSH.txt
河北少儿科教,https://stream1.freetv.fun/he-bei-shao-er-ke-jiao-9.ctv,,,,,,,,,,,CCSH.txt
浙江少儿,https://stream1.freetv.fun/zhe-jiang-shao-er-10.ctv,,,,,,,,,,,CCSH.txt
浙江少儿,https://stream1.freetv.fun/zhe-jiang-shao-er-8.m3u8,,,,,,,,,,,CCSH.txt
浙江少儿,https://stream1.freetv.fun/zhe-jiang-shao-er-11.m3u8,,,,,,,,,,,CCSH.txt
浙江少儿,https://stream1.freetv.fun/zhe-jiang-shao-er-7.m3u8,,,,,,,,,,,CCSH.txt
浙江少儿,http://ali-vl.cztv.com/channels/lantian/channel008/360p.m3u8?a=1000&amp;d=83b26bacf5397c013aff782b2c4287d0&amp;k=c99bdac76cff6ddc27e750ba689b7d5b&amp;t=1704368408,,,,,,,,,,,CCSH.txt
浙江少儿,https://stream1.freetv.fun/zhe-jiang-shao-er-7.ctv,,,,,,,,,,,CCSH.txt
浙江少儿,https://stream1.freetv.fun/zhe-jiang-shao-er-2.m3u8,,,,,,,,,,,CCSH.txt
浙江少儿,https://stream1.freetv.fun/zhe-jiang-shao-er-12.ctv,,,,,,,,,,,CCSH.txt
海南少儿,http://vapi.91kds.cc/live1/hitv.m3u8?id=hiqs&apiKey=2079b631b519ec17da0bc09844eb8419,,,,,,,,,,,CCSH.txt
海绵宝宝,http://1.94.31.214:35455/huya/11352919,,,,,,,,,,,CCSH.txt
熊出没之探险日记S1-国漫,https://live.ottiptv.cc/yy/1354930977,,,,,,,,,,,CCSH.txt
猫和老鼠,https://lbds.us.ci/11352879,,,,,,,,,,,CCSH.txt
猫和老鼠,http://1.94.31.214:35455/huya/11352879,,,,,,,,,,,CCSH.txt
萌鸡小队S1-国漫,https://live.ottiptv.cc/yy/1382736904,,,,,,,,,,,CCSH.txt
蜡笔小新,http://1.94.31.214:35455/huya/11352970,,,,,,,,,,,CCSH.txt
金鹰卡通,http://ottrrs.hl.chinamobile.com/PLTV/88888888/224/3221225653/index.m3u8,,,,,,,,,,,CCSH.txt
金鹰卡通,https://stream1.freetv.fun/3442dca643bbe89bae76ea70d2aa42b07671b0e1daef6ef390f9f4edd7807a49.m3u8,,,,,,,,,,,CCSH.txt
金鹰卡通,https://stream1.freetv.fun/10c162a19187277452e11fbe6cc81e691467a45e9aaa62427d2ba9ed3d5254b9.m3u8,,,,,,,,,,,CCSH.txt
金鹰卡通,https://stream1.freetv.fun/321f73ad28440de1629cd54e028c9355b2cb709eb8b30b90e4d0f3d5b41b0c4e.m3u8,,,,,,,,,,,CCSH.txt
金鹰卡通,https://stream1.freetv.fun/04c887f5ef1094da7dee8aa04f8c3d763c80977655b913034c1c93e3883a91bb.m3u8,,,,,,,,,,,CCSH.txt
金鹰卡通,https://stream1.freetv.fun/1b907bbf4760e673ec9ab89e2327cd1d9e5df04ca6ef35a6fb07f5b6757f4791.m3u8,,,,,,,,,,,CCSH.txt
金鹰卡通,https://stream1.freetv.fun/aec603fdb1ae19a081a7ca50498e3c9429447092a2208a2d383ae2bc812009b5.m3u8,,,,,,,,,,,CCSH.txt
金鹰卡通,https://stream1.freetv.fun/f563b977599985b4eecdad9c802930fc79a2adbd22b40712ec657cba6adc5fcf.m3u8,,,,,,,,,,,CCSH.txt
金鹰卡通,https://stream1.freetv.fun/d359e4b4c64fc318def5882bd25710c29440c676c536363f3ecea9019a99ae7c.m3u8,,,,,,,,,,,CCSH.txt
金鹰卡通,https://stream1.freetv.fun/b45dd7de8b220eadb2e16a1e68856cd6a4999022b18745d4dc7e0f0014893c29.m3u8,,,,,,,,,,,CCSH.txt
金鹰卡通,https://stream1.freetv.fun/49903af5e5fa7b3e3a0e029d6f5757c0dde5a588f4f4910975555563e5739604.m3u8,,,,,,,,,,,CCSH.txt
金鹰卡通,https://stream1.freetv.fun/jin-ying-qia-tong-33.m3u8,,,,,,,,,,,CCSH.txt
金鹰卡通,https://stream1.freetv.fun/ipv6-jin-ying-qia-tong-13.m3u8,,,,,,,,,,,CCSH.txt
金鹰卡通,https://stream1.freetv.fun/jin-ying-qia-tong-37.m3u8,,,,,,,,,,,CCSH.txt
金鹰卡通,https://stream1.freetv.fun/jin-ying-qia-tong-17.m3u8,,,,,,,,,,,CCSH.txt
金鹰卡通,https://stream1.freetv.fun/jin-ying-qia-tong-gao-qing-1.m3u8,,,,,,,,,,,CCSH.txt
金鹰卡通,https://stream1.freetv.fun/jin-ying-qia-tong-gao-qing-2.ctv,,,,,,,,,,,CCSH.txt
金鹰卡通,https://stream1.freetv.fun/jin-ying-qia-tong-13.ctv,,,,,,,,,,,CCSH.txt
金鹰卡通,https://stream1.freetv.fun/jin-ying-qia-tong-46.m3u8,,,,,,,,,,,CCSH.txt
靖天卡通,https://test.946985.filegear-sg.me/proxy/ddc514b09fb6e2df,,,,,,,,,,,CCSH.txt
靖洋卡通,https://test.946985.filegear-sg.me/proxy/fa04ac584713e85c,,,,,,,,,,,CCSH.txt
龙华卡通,https://cdn8.163189.xyz/live/lhkt/stream.m3u8,,,,,,,,,,,CCSH.txt
龙华卡通,http://xclasvgas.sylu.cc:8880/?token=dbm&id=litv-xinchuang01,,,,,,,,,,,CCSH.txt
龙华卡通,https://test.946985.filegear-sg.me/proxy/e857d20282883ad5,,,,,,,,,,,CCSH.txt
BBC,https://stream1.freetv.fun/bbc-news-5.m3u8,,,,,,,,,,,CCSH.txt
CNA,http://d2e1asnsl7br7b.cloudfront.net/7782e205e72f43aeb4a48ec97f66ebbe/index_4.m3u8,,,,,,,,,,,CCSH.txt
CNA,http://d2e1asnsl7br7b.cloudfront.net/7782e205e72f43aeb4a48ec97f66ebbe/index_5.m3u8,,,,,,,,,,,CCSH.txt
CNA,https://d2e1asnsl7br7b.cloudfront.net/7782e205e72f43aeb4a48ec97f66ebbe/index_5.m3u8,,,,,,,,,,,CCSH.txt
CNA,https://d2e1asnsl7br7b.cloudfront.net/7782e205e72f43aeb4a48ec97f66ebbe/index_4.m3u8,,,,,,,,,,,CCSH.txt
CNA,http://fm1077.serv00.net/Smart.php?id=cna,,,,,,,,,,,CCSH.txt
CNN,https://turnerlive.warnermediacdn.com/hls/live/586495/cnngo/cnn_slate/VIDEO_0_3564000.m3u8,,,,,,,,,,,CCSH.txt
CNN,https://turnerlive.warnermediacdn.com/hls/live/586495/cnngo/cnn_slate/VIDEO_4_1064000.m3u8,,,,,,,,,,,CCSH.txt
Fox新闻,https://fox-foxnewsnow-samsungus.amagi.tv/playlist720p.m3u8,,,,,,,,,,,CCSH.txt
东森美洲卫视,http://38.64.72.148:80/hls/modn/list/2015/chunklist0.m3u8,,,,,,,,,,,CCSH.txt
东森美洲卫视,https://stream1.freetv.fun/dong-sen-mei-zhou-wei-shi-1.m3u8,,,,,,,,,,,CCSH.txt
半·新闻,http://live-hls-web-aja.getaj.net/AJA/02.m3u8,,,,,,,,,,,CCSH.txt
Discovery,http://23.237.104.106:8080/USA_DISCOVERY/tracks-v1a1/mono.m3u8,,,,,,,,,,,CCSH.txt
Discovery,http://ott.watch/stream/E9LDH2ZCN7/177.m3u8,,,,,,,,,,,CCSH.txt
Discovery,http://fm1077.serv00.net/Smart.php?id=discoveryhd_twn,,,,,,,,,,,CCSH.txt
一分钟学道菜,https://live.ottiptv.cc/yy/1382736901,,,,,,,,,,,CCSH.txt
动物世界,http://newcntv.qcloudcdn.com/asp/hls/1200/0303000a/3/default/71d7dce230b74c1b9e35b41e837ffc5f/1200.m3u8,,,,,,,,,,,CCSH.txt
动物星球,https://stream1.freetv.fun/dong-wu-xing-qiu-1.m3u8,,,,,,,,,,,CCSH.txt
动物星球,http://61.221.215.25:8800/hls/57/index.m3u8,,,,,,,,,,,CCSH.txt
动物星球,http://fm1077.serv00.net/Smart.php?id=animalplanet_twn,,,,,,,,,,,CCSH.txt
单挑荒野第一季,https://live.ottiptv.cc/yy/1354933535,,,,,,,,,,,CCSH.txt
国家地理,http://[240e:f7:4f01:23:60::11]/zycfcdn.gdwlcloud.com/PLTV/88888888/224/3221226466/index.m3u8,,,,,,,,,,,CCSH.txt
国家地理,http://fm1077.serv00.net/Smart.php?id=natgeohd_twn,,,,,,,,,,,CCSH.txt
国家地理,http://hao6688.3322.org:30066/stream/channelid/2078414118?ticket=e065a44a88cabc5d9ef153287c5af520702b2095&profile=pass,,,,,,,,,,,CCSH.txt
易中天品三国,https://live.ottiptv.cc/yy/1354931498,,,,,,,,,,,CCSH.txt
求索动物,http://[2409:8087:5e01:24::16]:6610/000000001000/2000000004000000009/index.m3u8?stbId=3&livemode=1&HlsProfileId=&channel-id=hnbblive&Contentid=2000000004000000009&IASHttpSessionId=OTT19019320240419154124000281,,,,,,,,,,,CCSH.txt
求索生活,http://[2409:8087:5e01:24::16]:6610/000000001000/2000000004000000008/index.m3u8?stbId=3&livemode=1&HlsProfileId=&channel-id=hnbblive&Contentid=2000000004000000008&IASHttpSessionId=OTT19019320240419154124000281,,,,,,,,,,,CCSH.txt
求索科学,http://[2409:8087:5e01:24::16]:6610/000000001000/2000000004000000011/index.m3u8?stbId=3&livemode=1&HlsProfileId=&channel-id=hnbblive&Contentid=2000000004000000011&IASHttpSessionId=OTT19019320240419154124000281,,,,,,,,,,,CCSH.txt
求索纪录,https://stream1.freetv.fun/qiu-suo-ji-lu-2.m3u8,,,,,,,,,,,CCSH.txt
求索纪录,https://stream1.freetv.fun/qiu-suo-ji-lu-17.m3u8,,,,,,,,,,,CCSH.txt
求索纪录,https://stream1.freetv.fun/qiu-suo-ji-lu-6.m3u8,,,,,,,,,,,CCSH.txt
求索纪录,https://stream1.freetv.fun/ipv6-qiu-suo-ji-lu-5.m3u8,,,,,,,,,,,CCSH.txt
求索纪录,https://stream1.freetv.fun/qiu-suo-ji-lu-8.m3u8,,,,,,,,,,,CCSH.txt
求索纪录,https://stream1.freetv.fun/qiu-suo-ji-lu-4.m3u8,,,,,,,,,,,CCSH.txt
求索纪录,https://stream1.freetv.fun/qiu-suo-ji-lu-5.m3u8,,,,,,,,,,,CCSH.txt
求索纪录,https://stream1.freetv.fun/qiu-suo-ji-lu-12.m3u8,,,,,,,,,,,CCSH.txt
求索纪录,https://stream1.freetv.fun/qiu-suo-ji-lu-14.m3u8,,,,,,,,,,,CCSH.txt
求索纪录,https://stream1.freetv.fun/qiu-suo-ji-lu-13.m3u8,,,,,,,,,,,CCSH.txt
求索纪录,https://stream1.freetv.fun/qiu-suo-ji-lu-10.m3u8,,,,,,,,,,,CCSH.txt
求索纪录,https://stream1.freetv.fun/qiu-suo-ji-lu-18.m3u8,,,,,,,,,,,CCSH.txt
求索纪录,https://stream1.freetv.fun/qiu-suo-ji-lu-9.m3u8,,,,,,,,,,,CCSH.txt
求索纪录,https://stream1.freetv.fun/qiu-suo-ji-lu-3.m3u8,,,,,,,,,,,CCSH.txt
求索纪录,https://stream1.freetv.fun/qiu-suo-ji-lu-19.m3u8,,,,,,,,,,,CCSH.txt
求索纪录,https://stream1.freetv.fun/qiu-suo-ji-lu-2.ctv,,,,,,,,,,,CCSH.txt
求索纪录,https://stream1.freetv.fun/ipv6-qiu-suo-ji-lu-6.m3u8,,,,,,,,,,,CCSH.txt
求索纪录,https://stream1.freetv.fun/qiu-suo-ji-lu-11.m3u8,,,,,,,,,,,CCSH.txt
求索纪录,https://stream1.freetv.fun/qiu-suo-ji-lu-1.m3u8,,,,,,,,,,,CCSH.txt
求索纪录,https://stream1.freetv.fun/qiu-suo-ji-lu-7.m3u8,,,,,,,,,,,CCSH.txt
百家讲坛――之明太祖朱元璋,https://live.ottiptv.cc/yy/1354936149,,,,,,,,,,,CCSH.txt
百家讲坛-红楼梦篇,https://live.ottiptv.cc/yy/1382741639,,,,,,,,,,,CCSH.txt
美食星球,http://fm1077.serv00.net/Smart.php?id=foodplanet_twn,,,,,,,,,,,CCSH.txt
舌尖上的中国第2季,https://live.ottiptv.cc/yy/1354930943,,,,,,,,,,,CCSH.txt
舌尖上的中国第一季,https://live.ottiptv.cc/yy/1354930952,,,,,,,,,,,CCSH.txt
航拍中国第一季,http://newcntv.qcloudcdn.com/asp/hls/4000/0303000a/3/default/8edf3fb6a69148ea9a7dc0b5a9d99fdb/4000.m3u8,,,,,,,,,,,CCSH.txt
航拍中国第三季,http://newcntv.qcloudcdn.com/asp/hls/1200/0303000a/3/default/18a8a559464448dbaf60d33913e09aea/1200.m3u8,,,,,,,,,,,CCSH.txt
东森戏剧,http://fm1077.serv00.net/Smart.php?id=ettvdrama,,,,,,,,,,,CCSH.txt
东森戏剧,https://smt.1678520.xyz/163189/f60cd3f14b06dabc,,,,,,,,,,,CCSH.txt
八大戏剧,https://stream1.freetv.fun/6b1701a07ea621155cdaa9ee604b6c6ebc763093fafaf493ce7a3c2e206be799.m3u8,,,,,,,,,,,CCSH.txt
八大戏剧,http://fm1077.serv00.net/Smart.php?id=badadrama,,,,,,,,,,,CCSH.txt
梨园,http://112.132.10.54:9901/tsfile/live/1019_1.m3u8?key=txiptv&playlive=1&authid=0,,,,,,,,,,,CCSH.txt
梨园,http://dassby.qqff.top:99/live/梨园/index.m3u8,,,,,,,,,,,CCSH.txt
梨园,https://vdse.bdstatic.com//5787b4fd8574dafb0362d30820022447.mp4?,,,,,,,,,,,CCSH.txt
梨园,https://dxtx.hntv.tv/live/lypd.m3u8?txSecret=10c771842a0be59e8b575d765173ec96&txTime=7B923E0A&wsSecret=3af201da078f4876108f5776b8fe6b60&wsTime=1773971972,,,,,,,,,,,CCSH.txt
梨园,https://dxtx.hntv.tv/live/lypd.m3u8?txSecret=10c771842a0be59e8b575d765173ec96&txTime=7B923E0A&wsSecret=945d5bdbcb170091f5a2ffb3dedd53f8&wsTime=1778738457,,,,,,,,,,,CCSH.txt
梨园,https://dxtx.hntv.tv/live/lypd.m3u8?txSecret=10c771842a0be59e8b575d765173ec96&txTime=7B923E0A&wsSecret=605de54b699fb5c11f81d332e0f2b884&wsTime=1778788802,,,,,,,,,,,CCSH.txt
梨园,https://dxtx.hntv.tv/live/lypd.m3u8?txSecret=10c771842a0be59e8b575d765173ec96&txTime=7B923E0A&wsSecret=5ca215e22b0e93e223f26785843aec74&wsTime=1779235084,,,,,,,,,,,CCSH.txt
梨园,http://hlsztemgsplive.miguvideo.com:8080/migu/kailu/ydcmc/50/20251225/index.m3u8?msisdn=20260520040216d0f869351bed4675a34059c89f889313&mdspid=&spid=600697&netType=0&sid=5910022344&pid=2028597139&timestamp=20260520040216&Channel_ID=0116_2600000900-99000-201600010010027&ProgramID=961930369&ParentNodeID=-99&assertID=5910022344&client_ip=171.8.79.254&SecurityKey=20260520040216&promotionId=&mvid=5900006785&mcid=500020&playurlVersion=ZQ-A1-9.5.1-RELEASE&userid=&jmhm=&videocodec=h264&appCode=miguvideo_android&bean=mgspad&tid=android&conFee=0&encrypt=304b25e3721269eb6b0d2143bb1f483d,,,,,,,,,,,CCSH.txt
梨园,http://113.46.143.74:5080/961930369,,,,,,,,,,,CCSH.txt
梨园,http://14.153.176.89:1234/961930369,,,,,,,,,,,CCSH.txt
梨园,http://101.6.130.102:1234/961930369,,,,,,,,,,,CCSH.txt
梨园,http://59.110.175.70:10000/961930369,,,,,,,,,,,CCSH.txt
梨园,https://dxtx.hntv.tv/live/lypd.m3u8?txSecret=10c771842a0be59e8b575d765173ec96&txTime=7B923E0A&wsSecret=b8dbe98472b2803cc7bb56e39f19a533&wsTime=1779170279,,,,,,,,,,,CCSH.txt
梨园,http://gslbmgsplive.miguvideo.com/migu/kailu/ydcmc/51/20251225/index.m3u8?msisdn=fef5250a9a909e9f605f99b1bcf2488b&mdspid=&spid=600697&netType=0&sid=5910022344&pid=2028597139&timestamp=20260519055038&Channel_ID=0116_2600034600-99000-201600010010028&ProgramID=961930369&ParentNodeID=-99&assertID=5910022344&client_ip=39.98.185.189&SecurityKey=20260519055038&promotionId=&mvid=5900006785&mcid=500020&playurlVersion=WX-A1-9.5.1-RELEASE&userid=&jmhm=&videocodec=h264&appCode=miguvideo_android&bean=mgspad&tid=android&conFee=0&puData=67b2e8e6a011209ea5263968b84ec089&ddCalcu=9687v0bac2beea488eb68a609131622059ae&sv=10004&ct=android,,,,,,,,,,,CCSH.txt
梨园,http://8.135.27.147:1234/961930369,,,,,,,,,,,CCSH.txt
梨园,http://hlsztemgsplive.miguvideo.com:8080/migu/kailu/ydcmc/50/20251225/index.m3u8?msisdn=20260519080228fc08faa6e47541dabf844254843494f9&mdspid=&spid=600697&netType=0&sid=5910022344&pid=2028597139&timestamp=20260519080228&Channel_ID=0116_2600000900-99000-201600010010027&ProgramID=961930369&ParentNodeID=-99&assertID=5910022344&client_ip=171.8.79.254&SecurityKey=20260519080228&promotionId=&mvid=5900006785&mcid=500020&playurlVersion=WX-A1-9.5.1-RELEASE&userid=&jmhm=&videocodec=h264&appCode=miguvideo_android&bean=mgspad&tid=android&conFee=0&encrypt=b2ff6949ad71b5d59254e2c0d6612619,,,,,,,,,,,CCSH.txt
梨园,http://hlsztemgsplive.miguvideo.com:8080/migu/kailu/ydcmc/50/20251225/index.m3u8?msisdn=20260519040222486f869ee83f47df80b864604a7d38ce&mdspid=&spid=600697&netType=0&sid=5910022344&pid=2028597139&timestamp=20260519040222&Channel_ID=0116_2600000900-99000-201600010010027&ProgramID=961930369&ParentNodeID=-99&assertID=5910022344&client_ip=171.8.79.254&SecurityKey=20260519040222&promotionId=&mvid=5900006785&mcid=500020&playurlVersion=WX-A1-9.5.1-RELEASE&userid=&jmhm=&videocodec=h264&appCode=miguvideo_android&bean=mgspad&tid=android&conFee=0&encrypt=d5b09da7a0cfe36276e238c8ac07ff91,,,,,,,,,,,CCSH.txt
上海教育,https://shcm-stream-cf1.stream.264788.xyz/cms001/ch00000090990000001268/index.m3u8?streamid=23a01b2c8e8e22aa3bb7b227a129e2c4&streamkey=092SzM8qh4GNZn0yKOoB7lgmnNO1v5zxqkMTaXbbT4GRZs9IZLmptJXEDfpBFRhi6neNZawcYJjP7r3o7yH79cXgZcRJ5KeQoBSfKKHiRGlndlqfQivOXywrv0gX&token=1775755298-9bfc1ac75e7ee57c-0-26bd9f57a6bb819dfc5c5cce300848c5,,,,,,,,,,,CCSH.txt
上海教育,https://live.264788.xyz/channel/shanghaijiaoyu?streamid=b02bea090da12acecb8361a581676210&livekey=01WgOR41rriMmMkzNsd0UoaxJRwetZdxIvtVk,,,,,,,,,,,CCSH.txt
上海教育,https://live.264788.xyz/channel/shanghaijiaoyu?streamid=23a01b2c8e8e22aa3bb7b227a129e2c4&livekey=01WgOR41rriMmMkzNsd0UoaxJRwetZdxIvtVk,,,,,,,,,,,CCSH.txt
上海教育,https://live.264788.xyz/channel/shanghaijiaoyu?streamid=7929616b4ed4f0398125e35ab1172c4a&livekey=01WgOR41rriMmMkzNsd0UoaxJRwetZdxIvtVk,,,,,,,,,,,CCSH.txt
上海教育,https://live.264788.xyz/channel/shanghaijiaoyu?streamid=8d167a5b0fdf668c0f442e838db5e410&livekey=01WgOR41rriMmMkzNsd0UoaxJRwetZdxIvtVk,,,,,,,,,,,CCSH.txt
上海纪实,https://stream1.freetv.fun/ipv6-shang-hai-ji-shi-ren-wen-1.m3u8,,,,,,,,,,,CCSH.txt
上海都市,https://shcm-stream-cf1.stream.264788.xyz/cms001/ch00000090990000001015/index.m3u8?streamid=66feaac0153fda6d6dce43f793c0ae59&streamkey=02BjlnRKVk4w1OhVR1rv22eDcnPBdBLIViijiL9BLJcdFQsMRA5f2TSd3Z8gMHEZ1mdPP3D9vWVY5SDPQJzDSy6flji5Dw1aR81nU5oAc2sRaJmvqyUxljgtJvl&token=1775755226-10afa5dfd532c3ac-0-0ae7e1ef3b821787a7ea8d1fc12f4d15,,,,,,,,,,,CCSH.txt
上海都市,https://stream1.freetv.fun/ipv6-shang-hai-du-shi-6.m3u8,,,,,,,,,,,CCSH.txt
上海都市,https://stream1.freetv.fun/ipv6-shang-hai-du-shi-5.m3u8,,,,,,,,,,,CCSH.txt
上海都市,https://stream1.freetv.fun/ipv6-shang-hai-du-shi-10.m3u8,,,,,,,,,,,CCSH.txt
上海都市,https://stream1.freetv.fun/shang-hai-du-shi-1.m3u8,,,,,,,,,,,CCSH.txt
上海都市,https://stream1.freetv.fun/ipv6-shang-hai-du-shi-1.m3u8,,,,,,,,,,,CCSH.txt
上海都市,https://stream1.freetv.fun/ipv6-shang-hai-du-shi-11.m3u8,,,,,,,,,,,CCSH.txt
上海都市,https://stream1.freetv.fun/shang-hai-du-shi-10.m3u8,,,,,,,,,,,CCSH.txt
上海都市,https://stream1.freetv.fun/ipv6-shang-hai-du-shi-2.m3u8,,,,,,,,,,,CCSH.txt
上海都市,https://stream1.freetv.fun/shang-hai-du-shi-7.m3u8,,,,,,,,,,,CCSH.txt
上海都市,https://stream1.freetv.fun/shang-hai-du-shi-8.m3u8,,,,,,,,,,,CCSH.txt
上海都市,https://live.264788.xyz/channel/shanghaidushi?streamid=04d627efc64630bba0d2507513583a6f&livekey=01WgOR41rriMmMkzNsd0UoaxJRwetZdxIvtVk,,,,,,,,,,,CCSH.txt
上海都市,https://live.264788.xyz/channel/shanghaidushi?streamid=66feaac0153fda6d6dce43f793c0ae59&livekey=01WgOR41rriMmMkzNsd0UoaxJRwetZdxIvtVk,,,,,,,,,,,CCSH.txt
上海都市,https://live.264788.xyz/channel/shanghaidushi?streamid=08cdaffbd7855272c1a4c37b75f53892&livekey=01WgOR41rriMmMkzNsd0UoaxJRwetZdxIvtVk,,,,,,,,,,,CCSH.txt
上海都市,https://live.264788.xyz/channel/shanghaidushi?streamid=d6aa1eedf2ffc5a88ee19737d90c28c6&livekey=01WgOR41rriMmMkzNsd0UoaxJRwetZdxIvtVk,,,,,,,,,,,CCSH.txt
上海都市,https://stream1.freetv.fun/ipv6-shang-hai-du-shi-7.m3u8,,,,,,,,,,,CCSH.txt
上海都市频道,http://ottrrs.hl.chinamobile.com/PLTV/88888888/224/3221226347/index.m3u8,,,,,,,,,,,CCSH.txt
东方影视,https://stream1.freetv.fun/ipv6-dong-fang-ying-shi-3.m3u8,,,,,,,,,,,CCSH.txt
东方影视,https://shcm-stream-cf1.stream.264788.xyz/cms001/ch00000090990000001016/index.m3u8?streamid=0995015e995fbffe5924ab43ff48f40f&streamkey=0bKBhLQXZpbdLnULGtrDGlBkxJNAZAJRK50Dmz3W0eRMtob5pXIz1OGHDidLwG8trIDl7KVxRypc5thL8PDfbwL1N4lBZoxPYbMNtfkX0CXAMdDTRcMC6HpwKmvYG&token=1775755108-496d024d5d41164b-0-e8ca2ae92689cccfcfa5e11183c8ae59,,,,,,,,,,,CCSH.txt
东方影视,https://stream1.freetv.fun/dong-fang-ying-shi-10.m3u8,,,,,,,,,,,CCSH.txt
东方影视,https://stream1.freetv.fun/dong-fang-ying-shi-7.m3u8,,,,,,,,,,,CCSH.txt
东方影视,https://stream1.freetv.fun/ipv6-dong-fang-ying-shi-13.m3u8,,,,,,,,,,,CCSH.txt
东方影视,https://stream1.freetv.fun/ipv6-dong-fang-ying-shi-6.m3u8,,,,,,,,,,,CCSH.txt
东方影视,https://stream1.freetv.fun/ipv6-dong-fang-ying-shi-4.m3u8,,,,,,,,,,,CCSH.txt
东方影视,https://stream1.freetv.fun/dong-fang-ying-shi-1.m3u8,,,,,,,,,,,CCSH.txt
东方影视,https://stream1.freetv.fun/dong-fang-ying-shi-13.m3u8,,,,,,,,,,,CCSH.txt
东方影视,https://stream1.freetv.fun/dong-fang-ying-shi-4.ctv,,,,,,,,,,,CCSH.txt
东方影视,https://stream1.freetv.fun/dong-fang-ying-shi-6.ctv,,,,,,,,,,,CCSH.txt
东方影视,https://stream1.freetv.fun/dong-fang-ying-shi-8.m3u8,,,,,,,,,,,CCSH.txt
东方影视,https://stream1.freetv.fun/dong-fang-ying-shi-6.m3u8,,,,,,,,,,,CCSH.txt
东方影视,https://stream1.freetv.fun/dong-fang-ying-shi-2.m3u8,,,,,,,,,,,CCSH.txt
东方影视,https://stream1.freetv.fun/ipv6-dong-fang-ying-shi-5.m3u8,,,,,,,,,,,CCSH.txt
东方影视,https://stream1.freetv.fun/ipv6-dong-fang-ying-shi-7.m3u8,,,,,,,,,,,CCSH.txt
东方影视,https://stream1.freetv.fun/ipv6-dong-fang-ying-shi-2.m3u8,,,,,,,,,,,CCSH.txt
东方财经,https://shcm-stream-cf1.stream.264788.xyz/cms001/ch00000090990000001318/index.m3u8?streamid=a031f2386ada4bc1264edce79c80dd18&streamkey=0bKBhLQXZpbdLjgwJ0QkmrrrU6NCkCl8BfXvFsoJByczKB8WTKxY9JfKQveqPIGXjI0ykDxDRhGnV9m3eaFlIu5FboLMrEhcmWt9IloXsM1k1LWRW3Rv5u5IN3Xbv&token=1775754654-5f82dc42cb563251-0-4ab818d2c975148bada0eb2aa7200037,,,,,,,,,,,CCSH.txt
东方财经,http://hao6688.3322.org:30066/stream/channelid/989710431?ticket=396ac95d7a8f72f919030c61b6d3039c494507bd&profile=pass,,,,,,,,,,,CCSH.txt
东方财经,https://live.264788.xyz/channel/dongfangcaijing?streamid=82d4a4e6dd7add9e6d65efc2d7658b04&livekey=01WgOR41rriMmMkzNsd0UoaxJRwetZdxIvtVk,,,,,,,,,,,CCSH.txt
东方财经,https://live.264788.xyz/channel/dongfangcaijing?streamid=a031f2386ada4bc1264edce79c80dd18&livekey=01WgOR41rriMmMkzNsd0UoaxJRwetZdxIvtVk,,,,,,,,,,,CCSH.txt
新闻综合,http://ottrrs.hl.chinamobile.com/PLTV/88888888/224/3221226346/index.m3u8,,,,,,,,,,,CCSH.txt
新闻综合,https://stream1.freetv.fun/xin-wen-zong-he-9.m3u8,,,,,,,,,,,CCSH.txt
新闻综合,https://stream1.freetv.fun/xin-wen-zong-he-3.m3u8,,,,,,,,,,,CCSH.txt
新闻综合,https://stream1.freetv.fun/xin-wen-zong-he-2.m3u8,,,,,,,,,,,CCSH.txt
新闻综合,https://stream1.freetv.fun/ipv6-xin-wen-zong-he-7.m3u8,,,,,,,,,,,CCSH.txt
新闻综合,https://shcm-stream-cf1.stream.264788.xyz/cms001/ch00000090990000001014/index.m3u8?streamid=b42305d47a7ea7de356f6b9953dd63fb&streamkey=0BeWwyHBmiCHyT1jHdEdxhhxAWnYlHbyzqLJ9OqjoGnmr97s30nwvQHDuEFDrFWmVTicxQ9bdQ2AEro7hkHHMdFUjAL1gj473gqk49P8ysywO0CnOCmDZdmZxtVJFRFqmt88&token=1775755067-5af72785ac7ec309-0-ce284490e5250841b1982d7fd7cd1cab,,,,,,,,,,,CCSH.txt
新闻综合,https://stream1.freetv.fun/shang-hai-xin-wen-zong-he-12.m3u8,,,,,,,,,,,CCSH.txt
新闻综合,https://stream1.freetv.fun/xin-wen-zong-he-1.ctv,,,,,,,,,,,CCSH.txt
新闻综合,https://stream1.freetv.fun/ipv6-shang-hai-xin-wen-zong-he-6.m3u8,,,,,,,,,,,CCSH.txt
新闻综合,https://stream1.freetv.fun/shang-hai-xin-wen-zong-he-10.m3u8,,,,,,,,,,,CCSH.txt
新闻综合,http://p2.vzan.com/slowlive/596867413819827251/live.m3u8,,,,,,,,,,,CCSH.txt
新闻综合,https://stream1.freetv.fun/xin-wen-zong-he-15.m3u8,,,,,,,,,,,CCSH.txt
新闻综合,https://stream1.freetv.fun/xin-wen-zong-he-13.m3u8,,,,,,,,,,,CCSH.txt
新闻综合,https://stream1.freetv.fun/ipv6-shang-hai-xin-wen-zong-he-3.m3u8,,,,,,,,,,,CCSH.txt
法治天地,https://live.264788.xyz/channel/fazhitiandi?streamid=f97ae69ae237e5fed46fc31c7f75ac14&livekey=01WgOR41rriMmMkzNsd0UoaxJRwetZdxIvtVk,,,,,,,,,,,CCSH.txt
法治天地,https://live.264788.xyz/channel/fazhitiandi?streamid=fe165cb56510151228c7f1f898f9cc2d&livekey=01WgOR41rriMmMkzNsd0UoaxJRwetZdxIvtVk,,,,,,,,,,,CCSH.txt
法治天地,https://live.264788.xyz/channel/fazhitiandi?streamid=48bdb4889e76ecd8fec232fa135a2403&livekey=01WgOR41rriMmMkzNsd0UoaxJRwetZdxIvtVk,,,,,,,,,,,CCSH.txt
法治天地,https://live.264788.xyz/channel/fazhitiandi?streamid=0039922a529780d5b2709e5ccd146683&livekey=01WgOR41rriMmMkzNsd0UoaxJRwetZdxIvtVk,,,,,,,,,,,CCSH.txt
生活时尚,https://shcm-stream-cf1.stream.264788.xyz/cms001/ch00000090990000001199/index.m3u8?streamid=cb8f820b65576198b4e792f919fe8a43&streamkey=02U7MIyTadx5OTW3afOLQ5kvnTcVg2vZaiSZfnfaZe5yZHjYkhWNNb48IIgJD3Dq5OhTFKwLS7PYw67uRIgFUu1t54S7PyVdJCAxxUXeHL2uOa34g9bQgsf7gmc4xR2&token=1775754910-81ed6f8672799222-0-6dacc100f825bdcc52bf7eaed7e85d80,,,,,,,,,,,CCSH.txt
生活时尚,https://stream1.freetv.fun/sheng-huo-shi-shang-19.ctv,,,,,,,,,,,CCSH.txt
生活时尚,https://stream1.freetv.fun/sheng-huo-shi-shang-9.m3u8,,,,,,,,,,,CCSH.txt
生活时尚,https://stream1.freetv.fun/sheng-huo-shi-shang-20.ctv,,,,,,,,,,,CCSH.txt
生活时尚,https://stream1.freetv.fun/sheng-huo-shi-shang-25.ctv,,,,,,,,,,,CCSH.txt
生活时尚,https://stream1.freetv.fun/sheng-huo-shi-shang-27.m3u8,,,,,,,,,,,CCSH.txt
生活时尚,https://stream1.freetv.fun/sheng-huo-shi-shang-14.ctv,,,,,,,,,,,CCSH.txt
生活时尚,https://stream1.freetv.fun/sheng-huo-shi-shang-12.m3u8,,,,,,,,,,,CCSH.txt
生活时尚,https://stream1.freetv.fun/sheng-huo-shi-shang-23.ctv,,,,,,,,,,,CCSH.txt
生活时尚,https://stream1.freetv.fun/sheng-huo-shi-shang-25.m3u8,,,,,,,,,,,CCSH.txt
生活时尚,https://stream1.freetv.fun/sheng-huo-shi-shang-11.ctv,,,,,,,,,,,CCSH.txt
生活时尚,https://stream1.freetv.fun/sheng-huo-shi-shang-18.m3u8,,,,,,,,,,,CCSH.txt
生活时尚,https://stream1.freetv.fun/sheng-huo-shi-shang-24.m3u8,,,,,,,,,,,CCSH.txt
生活时尚,https://stream1.freetv.fun/sheng-huo-shi-shang-26.m3u8,,,,,,,,,,,CCSH.txt
生活时尚,https://stream1.freetv.fun/sheng-huo-shi-shang-11.m3u8,,,,,,,,,,,CCSH.txt
生活时尚,https://stream1.freetv.fun/ipv6-sheng-huo-shi-shang-5.m3u8,,,,,,,,,,,CCSH.txt
第一财经,https://stream1.freetv.fun/di-yi-cai-jing-5.m3u8,,,,,,,,,,,CCSH.txt
第一财经,https://stream1.freetv.fun/di-yi-cai-jing-12.m3u8,,,,,,,,,,,CCSH.txt
第一财经,https://stream1.freetv.fun/ipv6-di-yi-cai-jing-5.m3u8,,,,,,,,,,,CCSH.txt
第一财经,https://shcm-stream-cf1.stream.264788.xyz/cms001/ch00000090990000001017/index.m3u8?streamid=3c6cb6f00aa32febab803c0b2304d5d0&streamkey=07xclP9QQ7A17NFFyGEbhztBrnBPP22fyDz7JgHrGkaGlfiIJYqJ7WIkICOIh75P2Sr1mOLAPNr8txwMTSoRVOmBWCLdRzxEjAlOejTDZlAww3eH2CFpDOVA&token=1775755151-4c6f62fc7a060448-0-a3a18d605ac6f792ac52049aeb8f47c5,,,,,,,,,,,CCSH.txt
第一财经,http://live.xmcdn.com/live/56/64.m3u8,,,,,,,,,,,CCSH.txt
第一财经,https://stream1.freetv.fun/ipv6-di-yi-cai-jing-11.m3u8,,,,,,,,,,,CCSH.txt
第一财经,https://stream1.freetv.fun/ipv6-di-yi-cai-jing-6.m3u8,,,,,,,,,,,CCSH.txt
第一财经,https://stream1.freetv.fun/di-yi-cai-jing-2.m3u8,,,,,,,,,,,CCSH.txt
第一财经,https://stream1.freetv.fun/ipv6-di-yi-cai-jing-7.m3u8,,,,,,,,,,,CCSH.txt
第一财经,https://stream1.freetv.fun/di-yi-cai-jing-9.m3u8,,,,,,,,,,,CCSH.txt
第一财经,https://stream1.freetv.fun/ipv6-di-yi-cai-jing-3.m3u8,,,,,,,,,,,CCSH.txt
第一财经,https://stream1.freetv.fun/di-yi-cai-jing-10.m3u8,,,,,,,,,,,CCSH.txt
第一财经,https://stream1.freetv.fun/di-yi-cai-jing-3.m3u8,,,,,,,,,,,CCSH.txt
第一财经,https://stream1.freetv.fun/ipv6-di-yi-cai-jing-1.ctv,,,,,,,,,,,CCSH.txt
第一财经,http://a1live.livecdn.yicai.com/live/radio_tv.m3u8,,,,,,,,,,,CCSH.txt
第一财经,https://stream1.freetv.fun/ipv6-di-yi-cai-jing-4.m3u8,,,,,,,,,,,CCSH.txt
第一财经,https://stream1.freetv.fun/di-yi-cai-jing-6.ctv,,,,,,,,,,,CCSH.txt
都市剧场,https://live.264788.xyz/channel/dushijuchang?streamid=087bbd865ae84d7fe5c566127ffad8ee&livekey=01WgOR41rriMmMkzNsd0UoaxJRwetZdxIvtVk,,,,,,,,,,,CCSH.txt
都市剧场,https://live.264788.xyz/channel/dushijuchang?streamid=fd36352c039198fe0978687774e97e59&livekey=01WgOR41rriMmMkzNsd0UoaxJRwetZdxIvtVk,,,,,,,,,,,CCSH.txt
都市剧场,https://live.264788.xyz/channel/dushijuchang?streamid=703d0752c54f22baa433be41c2f9d236&livekey=01WgOR41rriMmMkzNsd0UoaxJRwetZdxIvtVk,,,,,,,,,,,CCSH.txt
都市剧场,https://live.264788.xyz/channel/dushijuchang?streamid=aa27adea6b26826f34c83402fb0465ca&livekey=01WgOR41rriMmMkzNsd0UoaxJRwetZdxIvtVk,,,,,,,,,,,CCSH.txt
湖南公共,http://113.241.133.180:85/tsfile/live/1006_1.m3u8?key=txiptv&playlive=1&authid=0,,,,,,,,,,,CCSH.txt
湖南公共,https://stream1.freetv.fun/hu-nan-gong-gong-1.m3u8,,,,,,,,,,,CCSH.txt
湖南公共,https://stream1.freetv.fun/hu-nan-gong-gong-gao-qing-1.m3u8,,,,,,,,,,,CCSH.txt
湖南公共,https://stream1.freetv.fun/hu-nan-gong-gong-6.m3u8,,,,,,,,,,,CCSH.txt
湖南公共,https://stream1.freetv.fun/hu-nan-gong-gong-2.m3u8,,,,,,,,,,,CCSH.txt
湖南公共,https://stream1.freetv.fun/hu-nan-gong-gong-4.m3u8,,,,,,,,,,,CCSH.txt
湖南公共,https://stream1.freetv.fun/hu-nan-gong-gong-3.m3u8,,,,,,,,,,,CCSH.txt
湖南公共,http://223.159.9.168:8099/tsfile/live/1003_1.m3u8?key=txiptv&playlive=0&authid=0,,,,,1920x1080,,,0.47,,,CCSH.txt
湖南国际,https://t.freetv.fun/live/hu-nan-guo-ji.m3u8,,,,,,,,,,,CCSH.txt
湖南国际,http://113.241.133.180:85/tsfile/live/1000_1.m3u8?key=txiptv&playlive=1&authid=0,,,,,,,,,,,CCSH.txt
湖南国际,https://stream1.freetv.fun/hu-nan-guo-ji-2.m3u8,,,,,,,,,,,CCSH.txt
湖南国际,https://stream1.freetv.fun/hu-nan-guo-ji-7.m3u8,,,,,,,,,,,CCSH.txt
湖南国际,https://stream1.freetv.fun/hu-nan-guo-ji-4.m3u8,,,,,,,,,,,CCSH.txt
湖南国际,https://stream1.freetv.fun/hu-nan-guo-ji-9.m3u8,,,,,,,,,,,CCSH.txt
湖南国际,https://stream1.freetv.fun/hu-nan-guo-ji-12.m3u8,,,,,,,,,,,CCSH.txt
湖南国际,https://stream1.freetv.fun/hu-nan-guo-ji-1.m3u8,,,,,,,,,,,CCSH.txt
湖南国际,https://stream1.freetv.fun/hu-nan-guo-ji-13.ctv,,,,,,,,,,,CCSH.txt
湖南国际,https://stream1.freetv.fun/hu-nan-guo-ji-6.m3u8,,,,,,,,,,,CCSH.txt
湖南国际,https://stream1.freetv.fun/hu-nan-guo-ji-3.m3u8,,,,,,,,,,,CCSH.txt
湖南国际,https://stream1.freetv.fun/hu-nan-guo-ji-10.m3u8,,,,,,,,,,,CCSH.txt
湖南国际,http://phonehw.qing.mgtv.com/nn_live/nn_x64/dWlwPTEwMy4zOS4yMjYuMTAwJnFpZD0mY2RuZXhfaWQ9aHdfcGhvbmUmcz0zYTExOGIwNDMyM2Y3Y2EyYjAyZDFjOTE3Yjc4YmU1YSZ1aWQ9JnV1aWQ9OGE4MjU5MWIyOWJkZGMzYWJiNDIxMzFjMmRhNTlkYjMtNjcyN2UyNjQmdj0yJmFzPTAmZXM9MTc0MDQwODkzNA,,,,,/HNGJMPP360.m3u8,,,,,,CCSH.txt
湖南国际,http://223.159.9.168:8099/tsfile/live/1007_1.m3u8?key=txiptv&playlive=0&authid=0,,,,,1920x1080,,,0.47,,,CCSH.txt
湖南娱乐,http://198.204.228.26/live/hnyl.m3u8,,,,,,,,,,,CCSH.txt
湖南娱乐,http://192.151.150.154/live/hnyl.m3u8,,,,,,,,,,,CCSH.txt
湖南娱乐,http://113.241.133.180:85/tsfile/live/1003_1.m3u8?key=txiptv&playlive=1&authid=0,,,,,,,,,,,CCSH.txt
湖南娱乐,https://stream1.freetv.fun/hu-nan-yu-le-gao-qing-3.m3u8,,,,,,,,,,,CCSH.txt
湖南娱乐,https://stream1.freetv.fun/hu-nan-yu-le-8.m3u8,,,,,,,,,,,CCSH.txt
湖南娱乐,https://stream1.freetv.fun/hu-nan-yu-le-16.ctv,,,,,,,,,,,CCSH.txt
湖南娱乐,https://stream1.freetv.fun/hu-nan-yu-le-14.m3u8,,,,,,,,,,,CCSH.txt
湖南娱乐,https://stream1.freetv.fun/hu-nan-yu-le-2.m3u8,,,,,,,,,,,CCSH.txt
湖南娱乐,https://stream1.freetv.fun/hu-nan-yu-le-7.m3u8,,,,,,,,,,,CCSH.txt
湖南娱乐,https://stream1.freetv.fun/hu-nan-yu-le-gao-qing-1.m3u8,,,,,,,,,,,CCSH.txt
湖南娱乐,https://stream1.freetv.fun/hu-nan-yu-le-6.m3u8,,,,,,,,,,,CCSH.txt
湖南娱乐,https://stream1.freetv.fun/hu-nan-yu-le-9.m3u8,,,,,,,,,,,CCSH.txt
湖南娱乐,https://stream1.freetv.fun/hu-nan-yu-le-16.m3u8,,,,,,,,,,,CCSH.txt
湖南娱乐,https://stream1.freetv.fun/hu-nan-yu-le-13.m3u8,,,,,,,,,,,CCSH.txt
湖南娱乐,https://stream1.freetv.fun/hu-nan-yu-le-4.m3u8,,,,,,,,,,,CCSH.txt
湖南娱乐,https://stream1.freetv.fun/hu-nan-yu-le-5.m3u8,,,,,,,,,,,CCSH.txt
湖南娱乐,https://stream1.freetv.fun/hu-nan-yu-le-12.m3u8,,,,,,,,,,,CCSH.txt
湖南娱乐,https://stream1.freetv.fun/hu-nan-yu-le-11.m3u8,,,,,,,,,,,CCSH.txt
湖南教育,http://198.204.228.26/live/hnjy.m3u8,,,,,,,,,,,CCSH.txt
湖南教育,https://stream1.freetv.fun/hu-nan-jiao-yu-1.m3u8,,,,,,,,,,,CCSH.txt
湖南教育,https://stream1.freetv.fun/hu-nan-jiao-yu-5.m3u8,,,,,,,,,,,CCSH.txt
湖南教育,https://stream1.freetv.fun/hu-nan-jiao-yu-4.m3u8,,,,,,,,,,,CCSH.txt
湖南教育,https://stream1.freetv.fun/hu-nan-jiao-yu-2.m3u8,,,,,,,,,,,CCSH.txt
湖南爱晚,http://phoneqq.qing.mgtv.com/nn_live/nn_x64/dWlwPTEwNi4xNC4zOC41NSZ0ZXJtPTUmcWlkPSZyYXV0aF9lbmFibGU9b2ZmJmNkbmV4X2lkPXFxX3Bob25lX2xpdmUmY2hzPSZkZWY9MSZzPTM5YzE0ZTk0OGViNzIxY2MyN2IyM2RjYWM2MjJhNGZkJnVpZD0mdXVpZD1jZWMwM2UyZGIzNDU0MWJlOGViZDM1ZmIyZGM2YWQ5ZS02YTBlMjYzNyZ2PTImYXM9MCZlcz0xNzc4ODAzMjM3/HNGGMPP360.m3u8,,,,,,,,,,,CCSH.txt
湖南爱晚,http://phonehwei.qing.mgtv.com/nn_live/nn_x64/dWlwPTEwNi4xNC4zOC41NSZ0ZXJtPTUmcWlkPSZyYXV0aF9lbmFibGU9b2ZmJmNkbmV4X2lkPWh3X3Bob25lJmNocz0mZGVmPTEmcz1iZDg0MDJjNmU5ZWMzYzU5ZTI0YzkxN2YxMmQ0NTk1MSZ1aWQ9JnV1aWQ9OWY2Mzc1NTcyZmQyYjk4ZGU5N2I3YmNiNmFmNDQ2YjktNmEwZTI2Mzcmdj0yJmFzPTAmZXM9MTc3OTIyNDQ4Mw,,,,,/HNGGMPP360.m3u8,,,,,,CCSH.txt
湖南电影,http://113.241.133.180:85/tsfile/live/1004_1.m3u8?key=txiptv&playlive=1&authid=0,,,,,,,,,,,CCSH.txt
湖南电影,https://stream1.freetv.fun/hu-nan-dian-ying-12.m3u8,,,,,,,,,,,CCSH.txt
湖南电影,https://stream1.freetv.fun/hu-nan-dian-ying-9.m3u8,,,,,,,,,,,CCSH.txt
湖南电影,https://stream1.freetv.fun/hu-nan-dian-ying-14.m3u8,,,,,,,,,,,CCSH.txt
湖南电影,https://stream1.freetv.fun/hu-nan-dian-ying-5.m3u8,,,,,,,,,,,CCSH.txt
湖南电影,https://stream1.freetv.fun/hu-nan-dian-ying-3.m3u8,,,,,,,,,,,CCSH.txt
湖南电影,https://stream1.freetv.fun/hu-nan-dian-ying-4.m3u8,,,,,,,,,,,CCSH.txt
湖南电影,https://stream1.freetv.fun/hu-nan-dian-ying-8.m3u8,,,,,,,,,,,CCSH.txt
湖南电影,https://stream1.freetv.fun/hu-nan-dian-ying-13.m3u8,,,,,,,,,,,CCSH.txt
湖南电影,https://stream1.freetv.fun/hu-nan-dian-ying-2.m3u8,,,,,,,,,,,CCSH.txt
湖南电影,https://stream1.freetv.fun/hu-nan-dian-ying-6.m3u8,,,,,,,,,,,CCSH.txt
湖南电影,https://stream1.freetv.fun/hu-nan-dian-ying-11.m3u8,,,,,,,,,,,CCSH.txt
湖南电影,https://stream1.freetv.fun/hu-nan-dian-ying-7.m3u8,,,,,,,,,,,CCSH.txt
湖南电影,https://stream1.freetv.fun/hu-nan-dian-ying-17.ctv,,,,,,,,,,,CCSH.txt
湖南电影,https://stream1.freetv.fun/hu-nan-dian-ying-15.m3u8,,,,,,,,,,,CCSH.txt
湖南电影,https://stream1.freetv.fun/hu-nan-dian-ying-10.m3u8,,,,,,,,,,,CCSH.txt
湖南电影,http://223.159.9.168:8099/tsfile/live/1001_1.m3u8?key=txiptv&playlive=0&authid=0,,,,,1920x1080,,,0.38,,,CCSH.txt
湖南电视剧,https://t.freetv.fun/live/hu-nan-dian-shi-ju.m3u8,,,,,,,,,,,CCSH.txt
湖南电视剧,http://175.155.106.72:89/live1/live1.m3u8?zsicd 72.会东新闻,,,,,,,,,,,CCSH.txt
湖南电视剧,http://phoneqq.qing.mgtv.com/nn_live/nn_x64/dWlwPTEwNi4xNC4zOC41NSZ0ZXJtPTUmcWlkPSZyYXV0aF9lbmFibGU9b2ZmJmNkbmV4X2lkPXFxX3Bob25lX2xpdmUmY2hzPSZkZWY9MSZzPWNkZTg3YTU5MmRhODUxODFiYmMzNTcxNTU1ZjhmZTg3JnVpZD0mdXVpZD0wYzMxNzBlMzFlOGZjOTA4NTM1YTI1Zjg4NjliNGM0Mi02YTBlMjYzNyZ2PTImYXM9MCZlcz0xNzc4ODAzMjYy/HNDSJMPP360.m3u8,,,,,,,,,,,CCSH.txt
湖南电视剧,https://stream1.freetv.fun/hu-nan-dian-shi-ju-8.m3u8,,,,,,,,,,,CCSH.txt
湖南电视剧,https://stream1.freetv.fun/hu-nan-dian-shi-ju-4.m3u8,,,,,,,,,,,CCSH.txt
湖南电视剧,https://stream1.freetv.fun/hu-nan-dian-shi-ju-gao-qing-1.m3u8,,,,,,,,,,,CCSH.txt
湖南电视剧,https://stream1.freetv.fun/hu-nan-dian-shi-ju-15.m3u8,,,,,,,,,,,CCSH.txt
湖南电视剧,https://stream1.freetv.fun/hu-nan-dian-shi-ju-1.m3u8,,,,,,,,,,,CCSH.txt
湖南电视剧,https://stream1.freetv.fun/hu-nan-dian-shi-ju-11.m3u8,,,,,,,,,,,CCSH.txt
湖南电视剧,https://stream1.freetv.fun/hu-nan-dian-shi-ju-10.ctv,,,,,,,,,,,CCSH.txt
湖南电视剧,https://stream1.freetv.fun/hu-nan-dian-shi-ju-5.m3u8,,,,,,,,,,,CCSH.txt
湖南电视剧,https://stream1.freetv.fun/hu-nan-dian-shi-ju-6.m3u8,,,,,,,,,,,CCSH.txt
湖南电视剧,http://phonehw.qing.mgtv.com/nn_live/nn_x64/dWlwPTEwMy4zOS4yMjYuMTAwJnFpZD0mY2RuZXhfaWQ9aHdfcGhvbmUmcz0yODUxNGViMDMzMTQxNjdjYTNiMzYxNjlmNTRmOGYzMSZ1aWQ9JnV1aWQ9ZTRkODgyNGE1YzQ4ZjVkOGQ4MjRmMWRjYzdlOGRlMWUtNjcyN2UyNjQmdj0yJmFzPTAmZXM9MTc0MDQwMTU5Nw,,,,,/HNDSJMPP360.m3u8,,,,,,CCSH.txt
湖南电视剧,https://stream1.freetv.fun/hu-nan-dian-shi-ju-9.m3u8,,,,,,,,,,,CCSH.txt
湖南电视剧,http://phonehwei.qing.mgtv.com/nn_live/nn_x64/dWlwPTEwNi4xNC4zOC41NSZ0ZXJtPTUmcWlkPSZyYXV0aF9lbmFibGU9b2ZmJmNkbmV4X2lkPWh3X3Bob25lJmNocz0mZGVmPTEmcz0wMDEyZGQyYmE5NGZkOTA2NTNlMTk4ZTZlMDczOGEwMiZ1aWQ9JnV1aWQ9NGI0YjM5N2Q1MTBjNDM0ZjExNjZhMjAwNDQwZWFlMzItNmEwZTI2Mzcmdj0yJmFzPTAmZXM9MTc3OTI0OTMwNg,,,,,/HNDSJMPP360.m3u8,,,,,,CCSH.txt
湖南经视,http://113.241.133.180:85/tsfile/live/1001_1.m3u8?key=txiptv&playlive=1&authid=0,,,,,,,,,,,CCSH.txt
湖南经视,https://stream1.freetv.fun/hu-nan-jing-shi-9.m3u8,,,,,,,,,,,CCSH.txt
湖南经视,http://phoneqq.qing.mgtv.com/nn_live/nn_x64/dWlwPTEwNi4xNC4zOC41NSZ0ZXJtPTUmcWlkPSZyYXV0aF9lbmFibGU9b2ZmJmNkbmV4X2lkPXFxX3Bob25lX2xpdmUmY2hzPSZkZWY9MSZzPWQ3ODdmMDg3N2ViMjFmOTMxYTlmM2Y0OWM5ZTVmMjE0JnVpZD0mdXVpZD05YmQxOTk1NDU1YmRlZjZkMDMxNTNjYmYyYjE2MzUzMi02YTBlMjYzNyZ2PTImYXM9MCZlcz0xNzc4NzgyOTIx/HNJSMPP360.m3u8,,,,,,,,,,,CCSH.txt
湖南经视,https://stream1.freetv.fun/hu-nan-jing-shi-10.m3u8,,,,,,,,,,,CCSH.txt
湖南经视,https://stream1.freetv.fun/hu-nan-jing-shi-14.m3u8,,,,,,,,,,,CCSH.txt
湖南经视,https://stream1.freetv.fun/hu-nan-jing-shi-12.m3u8,,,,,,,,,,,CCSH.txt
湖南经视,https://stream1.freetv.fun/hu-nan-jing-shi-4.m3u8,,,,,,,,,,,CCSH.txt
湖南经视,https://stream1.freetv.fun/hu-nan-jing-shi-11.m3u8,,,,,,,,,,,CCSH.txt
湖南经视,https://stream1.freetv.fun/hu-nan-jing-shi-13.m3u8,,,,,,,,,,,CCSH.txt
湖南经视,https://stream1.freetv.fun/hu-nan-jing-shi-10.ctv,,,,,,,,,,,CCSH.txt
湖南经视,https://stream1.freetv.fun/hu-nan-jing-shi-gao-qing-2.m3u8,,,,,,,,,,,CCSH.txt
湖南经视,http://phoneqq.qing.mgtv.com/nn_live/nn_x64/dWlwPTEwNi4xNC4zOC41NSZ0ZXJtPTUmcWlkPSZyYXV0aF9lbmFibGU9b2ZmJmNkbmV4X2lkPXFxX3Bob25lX2xpdmUmY2hzPSZkZWY9MSZzPTE5YzdjOTkwYzQ0YWM3YmU1ZjVjOTljOGQzMjY0MzQzJnVpZD0mdXVpZD1lYjc4MmI0NmMyNDJmNzNjNDA1YWVmODVkMzFiOGRjYS02YTBlMjYzNyZ2PTImYXM9MCZlcz0xNzc5MjM0OTQ0/HNJSMPP360.m3u8,,,,,,,,,,,CCSH.txt
湖南经视,http://223.159.9.168:8099/tsfile/live/1006_1.m3u8?key=txiptv&playlive=0&authid=0,,,,,1920x1080,,,0.47,,,CCSH.txt
湖南都市,http://113.241.133.180:85/tsfile/live/1002_1.m3u8?key=txiptv&playlive=1&authid=0,,,,,,,,,,,CCSH.txt
湖南都市,https://stream1.freetv.fun/hu-nan-du-shi-gao-qing-3.m3u8,,,,,,,,,,,CCSH.txt
湖南都市,https://stream1.freetv.fun/hu-nan-du-shi-5.m3u8,,,,,,,,,,,CCSH.txt
湖南都市,https://stream1.freetv.fun/hu-nan-du-shi-6.m3u8,,,,,,,,,,,CCSH.txt
湖南都市,http://phonehwei.qing.mgtv.com/nn_live/nn_x64/dWlwPTEwNi4xNC4zOC41NSZ0ZXJtPTUmcWlkPSZyYXV0aF9lbmFibGU9b2ZmJmNkbmV4X2lkPWh3X3Bob25lJmNocz0mZGVmPTEmcz0xYjY0ZDQ2MzM2OWJiOTMzZGQ1NDVjOTA2MGVlNWIwMyZ1aWQ9JnV1aWQ9Y2U3OGRiMGQzOTVmMWFlNDkwZTkxYjkxYmI3ZjZjOTUtNmEwZTI2Mzcmdj0yJmFzPTAmZXM9MTc3ODgwMTQxNg,,,,,/HNDSMPP360.m3u8,,,,,,CCSH.txt
湖南都市,https://stream1.freetv.fun/hu-nan-du-shi-15.m3u8,,,,,,,,,,,CCSH.txt
湖南都市,https://stream1.freetv.fun/hu-nan-du-shi-14.m3u8,,,,,,,,,,,CCSH.txt
湖南都市,https://stream1.freetv.fun/hu-nan-du-shi-10.m3u8,,,,,,,,,,,CCSH.txt
湖南都市,https://stream1.freetv.fun/hu-nan-du-shi-gao-qing-1.m3u8,,,,,,,,,,,CCSH.txt
湖南都市,https://stream1.freetv.fun/hu-nan-du-shi-7.m3u8,,,,,,,,,,,CCSH.txt
湖南都市,https://stream1.freetv.fun/hu-nan-du-shi-11.m3u8,,,,,,,,,,,CCSH.txt
湖南都市,https://stream1.freetv.fun/hu-nan-du-shi-1.m3u8,,,,,,,,,,,CCSH.txt
湖南都市,https://stream1.freetv.fun/hu-nan-du-shi-12.ctv,,,,,,,,,,,CCSH.txt
湖南都市,http://phoneqq.qing.mgtv.com/nn_live/nn_x64/dWlwPTEwNi4xNC4zOC41NSZ0ZXJtPTUmcWlkPSZyYXV0aF9lbmFibGU9b2ZmJmNkbmV4X2lkPXFxX3Bob25lX2xpdmUmY2hzPSZkZWY9MSZzPTVkOWY2ZGMyMDc5ZjNlODI1ZjVhMjc2NThlNzIyNDdiJnVpZD0mdXVpZD1hMDU3NjY3MjY0OGJiOGRkZWQ1MDIwMzlhZjkxM2ZkNi02YTBlMjYzNyZ2PTImYXM9MCZlcz0xNzc5MjQ2MDEz/HNDSMPP360.m3u8,,,,,,,,,,,CCSH.txt
湖南都市,http://223.159.9.168:8099/tsfile/live/1002_1.m3u8?key=txiptv&playlive=0&authid=0,,,,,1920x1080,,,0.35,,,CCSH.txt
湖南金鹰纪实,http://61.184.46.85:85/tsfile/live/1026_1.m3u8?key=txiptv&playlive=1&authid=0,,,,,,,,,,,CCSH.txt
金鹰纪实,https://shcm-stream-cf1.stream.264788.xyz/cms001/ch00000090990000001230/index.m3u8?streamid=b33f7690b2ce36708f54588c53a20742&streamkey=0WsC3jqv5pZMcSblg4DZtgreJmd4foRd8i0LClhgl8HXNdOGuoX6PwcyqNHl1RzGO3gJjOwhlYBA2d0pTcg6HBWgYES0onWMebht6dfjBxjPil8VkXp7uLGlp&token=1775757017-0744f4768e6a7774-0-d6ae4e1cbdc25c14c81fe91811256f8b,,,,,,,,,,,CCSH.txt
金鹰纪实,https://stream1.freetv.fun/jin-ying-ji-shi-37.m3u8,,,,,,,,,,,CCSH.txt
金鹰纪实,https://stream1.freetv.fun/jin-ying-ji-shi-38.m3u8,,,,,,,,,,,CCSH.txt
金鹰纪实,https://stream1.freetv.fun/jin-ying-ji-shi-8.m3u8,,,,,,,,,,,CCSH.txt
金鹰纪实,https://stream1.freetv.fun/jin-ying-ji-shi-39.ctv,,,,,,,,,,,CCSH.txt
金鹰纪实,https://stream1.freetv.fun/jin-ying-ji-shi-34.m3u8,,,,,,,,,,,CCSH.txt
金鹰纪实,https://stream1.freetv.fun/jin-ying-ji-shi-21.ctv,,,,,,,,,,,CCSH.txt
金鹰纪实,https://stream1.freetv.fun/jin-ying-ji-shi-19.ctv,,,,,,,,,,,CCSH.txt
金鹰纪实,https://stream1.freetv.fun/jin-ying-ji-shi-14.m3u8,,,,,,,,,,,CCSH.txt
金鹰纪实,https://stream1.freetv.fun/jin-ying-ji-shi-gao-qing-2.m3u8,,,,,,,,,,,CCSH.txt
金鹰纪实,https://stream1.freetv.fun/jin-ying-ji-shi-43.ctv,,,,,,,,,,,CCSH.txt
金鹰纪实,https://stream1.freetv.fun/ipv6-jin-ying-ji-shi-20.m3u8,,,,,,,,,,,CCSH.txt
金鹰纪实,https://stream1.freetv.fun/jin-ying-ji-shi-31.ctv,,,,,,,,,,,CCSH.txt
金鹰纪实,https://stream1.freetv.fun/jin-ying-ji-shi-23.ctv,,,,,,,,,,,CCSH.txt
金鹰纪实,https://stream1.freetv.fun/jin-ying-ji-shi-13.ctv,,,,,,,,,,,CCSH.txt
金鹰纪实,https://stream1.freetv.fun/jin-ying-ji-shi-41.ctv,,,,,,,,,,,CCSH.txt
金鹰纪实,https://stream1.freetv.fun/jin-ying-ji-shi-6.m3u8,,,,,,,,,,,CCSH.txt
金鹰纪实,https://stream1.freetv.fun/jin-ying-ji-shi-33.m3u8,,,,,,,,,,,CCSH.txt
长沙新闻综合,http://ottrrs.hl.chinamobile.com/PLTV/88888888/224/3221226308/index.m3u8,,,,,,,,,,,CCSH.txt
长沙新闻频道,http://phoneqq.qing.mgtv.com/nn_live/nn_x64/dWlwPTEwNi4xNC4zOC41NSZ0ZXJtPTUmcWlkPSZyYXV0aF9lbmFibGU9b2ZmJmNkbmV4X2lkPXFxX3Bob25lX2xpdmUmY2hzPSZkZWY9MSZzPTgyZjgzNDM3ZTExNjc3N2YzMThkNTNmNjkwMWU0ODkwJnVpZD0mdXVpZD00NWNmMmM2YjIxNjYzYzFjNGY3ZThhZTU2MTE2ZmQ4Ny02YTBlMjYzNyZ2PTImYXM9MCZlcz0xNzc4NzgxNjcw/CSXWMPP360.m3u8,,,,,,,,,,,CCSH.txt
长沙新闻频道,http://phoneqq.qing.mgtv.com/nn_live/nn_x64/dWlwPTEwNi4xNC4zOC41NSZ0ZXJtPTUmcWlkPSZyYXV0aF9lbmFibGU9b2ZmJmNkbmV4X2lkPXFxX3Bob25lX2xpdmUmY2hzPSZkZWY9MSZzPTI0N2RlZWIxMTM4ZGQ2YmU2Zjg1NjY0ODIxNzg3ZDM4JnVpZD0mdXVpZD0xYzIzNjEyN2Q0MzFjNGY4MDg3MWJmZWIxOTMzYTYyYy02YTBlMjYzNyZ2PTImYXM9MCZlcz0xNzc5MjM4NTc2/CSXWMPP360.m3u8,,,,,,,,,,,CCSH.txt
武汉一台新闻综合,http://ottrrs.hl.chinamobile.com/PLTV/88888888/224/3221226478/index.m3u8,,,,,,,,,,,CCSH.txt
武汉一台新闻综合,https://stream1.freetv.fun/wu-yi-1xin-wen-zong-he-2.m3u8,,,,,,,,,,,CCSH.txt
武汉一台新闻综合,https://stream1.freetv.fun/wu-yi-yi-tai-xin-wen-zong-he-4.m3u8,,,,,,,,,,,CCSH.txt
武汉一台新闻综合,https://stream1.freetv.fun/wu-yi-yi-tai-xin-wen-zong-he-5.ctv,,,,,,,,,,,CCSH.txt
武汉一台新闻综合,https://stream1.freetv.fun/wu-yi-1xin-wen-zong-he-1.m3u8,,,,,,,,,,,CCSH.txt
武汉二台电视剧,https://stream1.freetv.fun/wu-yi-er-tai-dian-shi-ju-1.m3u8,,,,,,,,,,,CCSH.txt
武汉二台电视剧,https://stream1.freetv.fun/wu-yi-er-tai-dian-shi-ju-3.ctv,,,,,,,,,,,CCSH.txt
武汉教育,https://stream1.freetv.fun/wu-yi-jiao-yu-5.m3u8,,,,,,,,,,,CCSH.txt
武汉教育,https://stream1.freetv.fun/wu-yi-jiao-yu-18.m3u8,,,,,,,,,,,CCSH.txt
武汉教育,https://stream1.freetv.fun/wu-yi-jiao-yu-17.m3u8,,,,,,,,,,,CCSH.txt
武汉教育,https://stream1.freetv.fun/wu-yi-jiao-yu-15.m3u8,,,,,,,,,,,CCSH.txt
武汉教育,https://stream1.freetv.fun/wu-yi-jiao-yu-12.m3u8,,,,,,,,,,,CCSH.txt
武汉教育,https://stream1.freetv.fun/wu-yi-jiao-yu-7.m3u8,,,,,,,,,,,CCSH.txt
江夏新闻综合,http://59.175.226.142:280/gb28181/xwzh.m3u8?%E5%85%B3%E6%B3%A8%E5%BE%AE%E4%BF%A1%E5%85%AC%E4%BC%97%E5%8F%B7[%E6%99%B4%E5%9B%AD],,,,,,,,,,,CCSH.txt
江夏新闻综合,http://59.175.226.142:280/gb28181/xwzh.m3u8,,,,,,,,,,,CCSH.txt
湖北公共,https://stream1.freetv.fun/hu-bei-gong-gong-9.m3u8,,,,,,,,,,,CCSH.txt
湖北公共,https://stream1.freetv.fun/hu-bei-gong-gong-xin-wen-4.m3u8,,,,,,,,,,,CCSH.txt
湖北公共,https://stream1.freetv.fun/hu-bei-gong-gong-3.m3u8,,,,,,,,,,,CCSH.txt
湖北公共,https://stream1.freetv.fun/hu-bei-gong-gong-5.m3u8,,,,,,,,,,,CCSH.txt
湖北公共,https://stream1.freetv.fun/hu-bei-gong-gong-11.m3u8,,,,,,,,,,,CCSH.txt
湖北公共,https://stream1.freetv.fun/hu-bei-gong-gong-xin-wen-3.ctv,,,,,,,,,,,CCSH.txt
湖北公共,https://stream1.freetv.fun/hu-bei-gong-gong-12.m3u8,,,,,,,,,,,CCSH.txt
湖北公共,https://stream1.freetv.fun/hu-bei-gong-gong-xin-wen-2.m3u8,,,,,,,,,,,CCSH.txt
湖北公共,https://stream1.freetv.fun/hu-bei-gong-gong-7.m3u8,,,,,,,,,,,CCSH.txt
湖北公共,https://stream1.freetv.fun/hu-bei-gong-gong-10.m3u8,,,,,,,,,,,CCSH.txt
湖北公共,https://stream1.freetv.fun/hu-bei-gong-gong-4.m3u8,,,,,,,,,,,CCSH.txt
湖北公共,https://stream1.freetv.fun/hu-bei-gong-gong-13.m3u8,,,,,,,,,,,CCSH.txt
湖北公共,https://stream1.freetv.fun/hu-bei-gong-gong-2.m3u8,,,,,,,,,,,CCSH.txt
湖北公共,https://stream1.freetv.fun/hu-bei-gong-gong-1.m3u8,,,,,,,,,,,CCSH.txt
湖北垄上,http://38.75.136.137:98/gslb/dsdqpub/hbls.m3u8?auth=testpub,,,,,,,,,,,CCSH.txt
湖北垄上,http://107.150.60.122/live/hbls.m3u8,,,,,,,,,,,CCSH.txt
湖北垄上,http://198.204.228.26/live/hbls.m3u8,,,,,,,,,,,CCSH.txt
湖北垄上,http://192.151.150.154/live/hbls.m3u8,,,,,,,,,,,CCSH.txt
湖北垄上,https://stream1.freetv.fun/hu-bei-long-shang-4.m3u8,,,,,,,,,,,CCSH.txt
湖北垄上,https://stream1.freetv.fun/hu-bei-long-shang-8.m3u8,,,,,,,,,,,CCSH.txt
湖北垄上,https://stream1.freetv.fun/hu-bei-long-shang-16.m3u8,,,,,,,,,,,CCSH.txt
湖北垄上,https://stream1.freetv.fun/hu-bei-long-shang-17.m3u8,,,,,,,,,,,CCSH.txt
湖北垄上,https://stream1.freetv.fun/hu-bei-long-shang-18.m3u8,,,,,,,,,,,CCSH.txt
湖北垄上,https://stream1.freetv.fun/hu-bei-long-shang-13.m3u8,,,,,,,,,,,CCSH.txt
湖北垄上,https://stream1.freetv.fun/hu-bei-long-shang-1.m3u8,,,,,,,,,,,CCSH.txt
湖北垄上,https://stream1.freetv.fun/hu-bei-long-shang-7.m3u8,,,,,,,,,,,CCSH.txt
湖北垄上,https://stream1.freetv.fun/hu-bei-long-shang-5.m3u8,,,,,,,,,,,CCSH.txt
湖北垄上,https://stream1.freetv.fun/hu-bei-long-shang-10.ctv,,,,,,,,,,,CCSH.txt
湖北垄上,https://stream1.freetv.fun/hu-bei-long-shang-13.ctv,,,,,,,,,,,CCSH.txt
湖北垄上,https://stream1.freetv.fun/hu-bei-long-shang-10.m3u8,,,,,,,,,,,CCSH.txt
湖北垄上,https://stream1.freetv.fun/hu-bei-long-shang-11.m3u8,,,,,,,,,,,CCSH.txt
湖北垄上,https://stream1.freetv.fun/hu-bei-long-shang-3.m3u8,,,,,,,,,,,CCSH.txt
湖北影视,http://38.75.136.137:98/gslb/dsdqpub/hbys.m3u8?auth=testpub,,,,,,,,,,,CCSH.txt
湖北影视,http://198.204.228.26/live/hbys.m3u8,,,,,,,,,,,CCSH.txt
湖北影视,http://107.150.60.122/live/hbys.m3u8,,,,,,,,,,,CCSH.txt
湖北影视,http://192.151.150.154/live/hbys.m3u8,,,,,,,,,,,CCSH.txt
湖北影视,https://stream1.freetv.fun/hu-bei-ying-shi-11.m3u8,,,,,,,,,,,CCSH.txt
湖北影视,https://stream1.freetv.fun/hu-bei-ying-shi-6.m3u8,,,,,,,,,,,CCSH.txt
湖北影视,https://stream1.freetv.fun/hu-bei-ying-shi-16.m3u8,,,,,,,,,,,CCSH.txt
湖北影视,https://stream1.freetv.fun/hu-bei-ying-shi-8.m3u8,,,,,,,,,,,CCSH.txt
湖北影视,https://stream1.freetv.fun/hu-bei-ying-shi-15.ctv,,,,,,,,,,,CCSH.txt
湖北影视,https://stream1.freetv.fun/hu-bei-ying-shi-12.m3u8,,,,,,,,,,,CCSH.txt
湖北影视,https://stream1.freetv.fun/hu-bei-ying-shi-10.m3u8,,,,,,,,,,,CCSH.txt
湖北影视,https://stream1.freetv.fun/hu-bei-ying-shi-2.m3u8,,,,,,,,,,,CCSH.txt
湖北影视,https://stream1.freetv.fun/hu-bei-ying-shi-7.m3u8,,,,,,,,,,,CCSH.txt
湖北影视,https://stream1.freetv.fun/hu-bei-ying-shi-13.m3u8,,,,,,,,,,,CCSH.txt
湖北影视,https://stream1.freetv.fun/hu-bei-ying-shi-4.m3u8,,,,,,,,,,,CCSH.txt
湖北影视,https://stream1.freetv.fun/hu-bei-ying-shi-5.m3u8,,,,,,,,,,,CCSH.txt
湖北影视,https://stream1.freetv.fun/hu-bei-ying-shi-15.m3u8,,,,,,,,,,,CCSH.txt
湖北教育,http://38.75.136.137:98/gslb/dsdqpub/hbjy.m3u8?auth=testpub,,,,,,,,,,,CCSH.txt
湖北教育,http://107.150.60.122/live/hbjy.m3u8,,,,,,,,,,,CCSH.txt
湖北教育,http://192.151.150.154/live/hbjy.m3u8,,,,,,,,,,,CCSH.txt
湖北教育,http://198.204.228.26/live/hbjy.m3u8,,,,,,,,,,,CCSH.txt
湖北教育,https://stream1.freetv.fun/hu-bei-jiao-yu-8.m3u8,,,,,,,,,,,CCSH.txt
湖北教育,https://stream1.freetv.fun/hu-bei-jiao-yu-2.m3u8,,,,,,,,,,,CCSH.txt
湖北教育,https://stream1.freetv.fun/hu-bei-jiao-yu-13.m3u8,,,,,,,,,,,CCSH.txt
湖北教育,https://stream1.freetv.fun/hu-bei-jiao-yu-10.ctv,,,,,,,,,,,CCSH.txt
湖北教育,https://stream1.freetv.fun/hu-bei-jiao-yu-14.m3u8,,,,,,,,,,,CCSH.txt
湖北教育,https://stream1.freetv.fun/hu-bei-jiao-yu-9.m3u8,,,,,,,,,,,CCSH.txt
湖北生活,http://38.75.136.137:98/gslb/dsdqpub/hbty.m3u8?auth=testpub,,,,,,,,,,,CCSH.txt
湖北生活,http://198.204.228.26/live/hbty.m3u8,,,,,,,,,,,CCSH.txt
湖北生活,http://192.151.150.154/live/hbty.m3u8,,,,,,,,,,,CCSH.txt
湖北生活,https://stream1.freetv.fun/hu-bei-sheng-huo-5.m3u8,,,,,,,,,,,CCSH.txt
湖北生活,https://stream1.freetv.fun/hu-bei-sheng-huo-12.ctv,,,,,,,,,,,CCSH.txt
湖北生活,https://stream1.freetv.fun/hu-bei-sheng-huo-12.m3u8,,,,,,,,,,,CCSH.txt
湖北生活,https://stream1.freetv.fun/hu-bei-sheng-huo-1.m3u8,,,,,,,,,,,CCSH.txt
湖北生活,https://stream1.freetv.fun/hu-bei-sheng-huo-11.m3u8,,,,,,,,,,,CCSH.txt
湖北经视,http://38.75.136.137:98/gslb/dsdqpub/hbjs.m3u8?auth=testpub,,,,,,,,,,,CCSH.txt
湖北经视,http://192.151.150.154/live/hbjs.m3u8,,,,,,,,,,,CCSH.txt
湖北经视,http://198.204.228.26/live/hbjs.m3u8,,,,,,,,,,,CCSH.txt
湖北经视,http://107.150.60.122/live/hbjs.m3u8,,,,,,,,,,,CCSH.txt
湖北经视,https://stream1.freetv.fun/hu-bei-jing-shi-1.m3u8,,,,,,,,,,,CCSH.txt
湖北经视,https://stream1.freetv.fun/hu-bei-jing-shi-22.m3u8,,,,,,,,,,,CCSH.txt
湖北经视,https://stream1.freetv.fun/hu-bei-jing-shi-14.m3u8,,,,,,,,,,,CCSH.txt
湖北经视,https://stream1.freetv.fun/hu-bei-jing-shi-18.m3u8,,,,,,,,,,,CCSH.txt
湖北经视,https://stream1.freetv.fun/hu-bei-jing-shi-10.m3u8,,,,,,,,,,,CCSH.txt
湖北经视,https://stream1.freetv.fun/hu-bei-jing-shi-7.m3u8,,,,,,,,,,,CCSH.txt
湖北经视,https://stream1.freetv.fun/hu-bei-jing-shi-20.m3u8,,,,,,,,,,,CCSH.txt
湖北经视,https://stream1.freetv.fun/hu-bei-jing-shi-19.ctv,,,,,,,,,,,CCSH.txt
湖北经视,https://stream1.freetv.fun/hu-bei-jing-shi-11.m3u8,,,,,,,,,,,CCSH.txt
湖北经视,https://stream1.freetv.fun/hu-bei-jing-shi-13.m3u8,,,,,,,,,,,CCSH.txt
湖北经视,https://stream1.freetv.fun/hu-bei-jing-shi-9.m3u8,,,,,,,,,,,CCSH.txt
湖北经视,http://61.184.46.85:9901/tsfile/live/0019_1.m3u8?key=txiptv&playlive=1&authid=0,,,,,,,,,,,CCSH.txt
湖北经视,https://stream1.freetv.fun/hu-bei-jing-shi-23.m3u8,,,,,,,,,,,CCSH.txt
湖北综合,http://38.75.136.137:98/gslb/dsdqpub/hbzh.m3u8?auth=testpub,,,,,,,,,,,CCSH.txt
湖北综合,http://192.151.150.154/live/hbzh.m3u8,,,,,,,,,,,CCSH.txt
湖北综合,http://58.19.133.144:9901,,,,,,,,,,,CCSH.txt
湖北综合,https://stream1.freetv.fun/hu-bei-zong-he-3.m3u8,,,,,,,,,,,CCSH.txt
湖北综合,https://stream1.freetv.fun/hu-bei-zong-he-10.m3u8,,,,,,,,,,,CCSH.txt
湖北综合,https://stream1.freetv.fun/hu-bei-zong-he-9.m3u8,,,,,,,,,,,CCSH.txt
湖北综合,https://stream1.freetv.fun/hu-bei-zong-he-8.m3u8,,,,,,,,,,,CCSH.txt
湖北综合,https://stream1.freetv.fun/hu-bei-zong-he-2.m3u8,,,,,,,,,,,CCSH.txt
湖北综合,https://stream1.freetv.fun/hu-bei-zong-he-12.m3u8,,,,,,,,,,,CCSH.txt
湖北综合,https://stream1.freetv.fun/hu-bei-zong-he-13.m3u8,,,,,,,,,,,CCSH.txt
湖北综合,https://stream1.freetv.fun/hu-bei-zong-he-11.ctv,,,,,,,,,,,CCSH.txt
湖北综合,https://stream1.freetv.fun/hu-bei-zong-he-7.m3u8,,,,,,,,,,,CCSH.txt
荆门新闻综合,https://stream1.freetv.fun/jing-men-xin-wen-zong-he-4.m3u8,,,,,,,,,,,CCSH.txt
荆门新闻综合,http://stream.jmtv.com.cn/xwzh/sd/live.m3u8?zhubd,,,,,,,,,,,CCSH.txt
荆门新闻综合,http://stream.jmtv.com.cn/xwzh/sd/live.m3u8?%E5%85%B3%E6%B3%A8%E5%BE%AE%E4%BF%A1%E5%85%AC%E4%BC%97%E5%8F%B7[%E6%99%B4%E5%9B%AD],,,,,,,,,,,CCSH.txt
荆门新闻综合,https://stream1.freetv.fun/jing-men-xin-wen-zong-he-1.m3u8,,,,,,,,,,,CCSH.txt
荆门新闻综合,https://stream1.freetv.fun/jing-men-xin-wen-zong-he-5.m3u8,,,,,,,,,,,CCSH.txt
麻城综合,https://video.yscxy.cn:8888/mctv1.m3u8,,,,,,,,,,,CCSH.txt
云浮综合,https://livestream.oeeee.com/slive/28283.m3u8,,,,,,,,,,,CCSH.txt
五华综合,http://p2hs.vzan.com/slowlive/621139761151691240/live.m3u8,,,,,,,,,,,CCSH.txt
佛山公共,https://stream1.freetv.fun/fo-shan-gong-gong-13.ctv,,,,,,,,,,,CCSH.txt
佛山公共,https://stream1.freetv.fun/fo-shan-gong-gong-25.ctv,,,,,,,,,,,CCSH.txt
佛山公共,https://stream1.freetv.fun/fo-shan-gong-gong-27.ctv,,,,,,,,,,,CCSH.txt
佛山公共,https://stream1.freetv.fun/fo-shan-gong-gong-21.ctv,,,,,,,,,,,CCSH.txt
佛山公共,https://stream1.freetv.fun/fo-shan-gong-gong-1.ctv,,,,,,,,,,,CCSH.txt
佛山公共,https://stream1.freetv.fun/fo-shan-gong-gong-3.ctv,,,,,,,,,,,CCSH.txt
佛山公共,https://stream1.freetv.fun/fo-shan-gong-gong-22.ctv,,,,,,,,,,,CCSH.txt
佛山公共,https://stream1.freetv.fun/fo-shan-gong-gong-26.ctv,,,,,,,,,,,CCSH.txt
佛山公共,https://stream1.freetv.fun/fo-shan-gong-gong-17.ctv,,,,,,,,,,,CCSH.txt
佛山公共,https://stream1.freetv.fun/fo-shan-gong-gong-2.ctv,,,,,,,,,,,CCSH.txt
佛山公共,https://stream1.freetv.fun/fo-shan-gong-gong-16.ctv,,,,,,,,,,,CCSH.txt
佛山公共,https://stream1.freetv.fun/fo-shan-gong-gong-18.ctv,,,,,,,,,,,CCSH.txt
佛山公共,https://stream1.freetv.fun/fo-shan-gong-gong-15.ctv,,,,,,,,,,,CCSH.txt
佛山公共,https://stream1.freetv.fun/fo-shan-gong-gong-11.ctv,,,,,,,,,,,CCSH.txt
佛山公共,https://stream1.freetv.fun/fo-shan-gong-gong-9.ctv,,,,,,,,,,,CCSH.txt
佛山公共,https://stream1.freetv.fun/fo-shan-gong-gong-6.ctv,,,,,,,,,,,CCSH.txt
佛山公共,https://stream1.freetv.fun/fo-shan-gong-gong-5.ctv,,,,,,,,,,,CCSH.txt
佛山公共,https://stream1.freetv.fun/fo-shan-gong-gong-4.ctv,,,,,,,,,,,CCSH.txt
佛山公共,https://stream1.freetv.fun/fo-shan-gong-gong-8.ctv,,,,,,,,,,,CCSH.txt
佛山公共,https://stream1.freetv.fun/fo-shan-gong-gong-10.ctv,,,,,,,,,,,CCSH.txt
佛山影视,https://stream1.freetv.fun/fo-shan-ying-shi-10.ctv,,,,,,,,,,,CCSH.txt
佛山影视,https://stream1.freetv.fun/fo-shan-ying-shi-2.ctv,,,,,,,,,,,CCSH.txt
佛山影视,https://stream1.freetv.fun/fo-shan-ying-shi-20.ctv,,,,,,,,,,,CCSH.txt
佛山影视,https://stream1.freetv.fun/fo-shan-ying-shi-17.ctv,,,,,,,,,,,CCSH.txt
佛山影视,https://stream1.freetv.fun/fo-shan-ying-shi-3.ctv,,,,,,,,,,,CCSH.txt
佛山影视,https://stream1.freetv.fun/fo-shan-ying-shi-21.ctv,,,,,,,,,,,CCSH.txt
佛山影视,https://stream1.freetv.fun/fo-shan-ying-shi-19.ctv,,,,,,,,,,,CCSH.txt
佛山影视,https://stream1.freetv.fun/fo-shan-ying-shi-4.ctv,,,,,,,,,,,CCSH.txt
佛山影视,https://stream1.freetv.fun/fo-shan-ying-shi-1.ctv,,,,,,,,,,,CCSH.txt
佛山影视,https://stream1.freetv.fun/fo-shan-ying-shi-22.ctv,,,,,,,,,,,CCSH.txt
佛山影视,https://stream1.freetv.fun/fo-shan-ying-shi-7.ctv,,,,,,,,,,,CCSH.txt
佛山影视,https://stream1.freetv.fun/fo-shan-ying-shi-6.ctv,,,,,,,,,,,CCSH.txt
佛山影视,https://stream1.freetv.fun/fo-shan-ying-shi-16.ctv,,,,,,,,,,,CCSH.txt
佛山影视,https://stream1.freetv.fun/fo-shan-ying-shi-14.ctv,,,,,,,,,,,CCSH.txt
佛山影视,https://stream1.freetv.fun/fo-shan-ying-shi-13.ctv,,,,,,,,,,,CCSH.txt
佛山影视,https://stream1.freetv.fun/fo-shan-ying-shi-8.ctv,,,,,,,,,,,CCSH.txt
佛山影视,https://stream1.freetv.fun/fo-shan-ying-shi-11.ctv,,,,,,,,,,,CCSH.txt
佛山影视,https://stream1.freetv.fun/fo-shan-ying-shi-15.ctv,,,,,,,,,,,CCSH.txt
佛山影视,https://stream1.freetv.fun/fo-shan-ying-shi-5.ctv,,,,,,,,,,,CCSH.txt
佛山影视,https://stream1.freetv.fun/fo-shan-ying-shi-12.ctv,,,,,,,,,,,CCSH.txt
佛山综合,https://stream1.freetv.fun/fo-shan-zong-he-23.ctv,,,,,,,,,,,CCSH.txt
佛山综合,https://stream1.freetv.fun/fo-shan-zong-he-6.ctv,,,,,,,,,,,CCSH.txt
佛山综合,https://stream1.freetv.fun/fo-shan-zong-he-3.ctv,,,,,,,,,,,CCSH.txt
佛山综合,https://stream1.freetv.fun/fo-shan-zong-he-11.ctv,,,,,,,,,,,CCSH.txt
佛山综合,https://stream1.freetv.fun/fo-shan-zong-he-2.ctv,,,,,,,,,,,CCSH.txt
佛山综合,https://stream1.freetv.fun/fo-shan-zong-he-5.ctv,,,,,,,,,,,CCSH.txt
佛山综合,https://stream1.freetv.fun/fo-shan-zong-he-20.ctv,,,,,,,,,,,CCSH.txt
佛山综合,https://stream1.freetv.fun/fo-shan-zong-he-1.ctv,,,,,,,,,,,CCSH.txt
佛山综合,https://stream1.freetv.fun/fo-shan-zong-he-14.ctv,,,,,,,,,,,CCSH.txt
佛山综合,https://stream1.freetv.fun/fo-shan-zong-he-13.ctv,,,,,,,,,,,CCSH.txt
佛山综合,https://stream1.freetv.fun/fo-shan-zong-he-16.ctv,,,,,,,,,,,CCSH.txt
佛山综合,https://stream1.freetv.fun/fo-shan-zong-he-8.ctv,,,,,,,,,,,CCSH.txt
佛山综合,https://stream1.freetv.fun/fo-shan-zong-he-21.ctv,,,,,,,,,,,CCSH.txt
佛山综合,https://stream1.freetv.fun/fo-shan-zong-he-18.ctv,,,,,,,,,,,CCSH.txt
佛山综合,https://stream1.freetv.fun/fo-shan-zong-he-12.ctv,,,,,,,,,,,CCSH.txt
南国都市,https://tencentplay.gztv.com/live/nanguodushi.m3u8?txSecret=c82f82d7a6beda92b2b1ce93753dcacb&txTime=18e4a381d46,,,,,,,,,,,CCSH.txt
南国都市,https://tencentplay.gztv.com/live/nanguodushi.m3u8?txSecret=627498b93bc6f5d6e2460d0823bf81a3&txTime=18e6df74fc2,,,,,,,,,,,CCSH.txt
南国都市,http://tencentplaygzrb01.gztv.com/live/nanguodushi.m3u8,,,,,,,,,,,CCSH.txt
南国都市,https://t.freetv.fun/live/nan-guo-du-shi.m3u8,,,,,,,,,,,CCSH.txt
广东新闻,http://38.75.136.137:98/gslb/dsdqpub/gdxwa.m3u8?auth=testpub,,,,,,,,,,,CCSH.txt
广东新闻,http://192.151.150.154/live/gdxwa.m3u8,,,,,,,,,,,CCSH.txt
广东新闻,http://107.150.60.122/live/gdxw.m3u8,,,,,,,,,,,CCSH.txt
广东新闻,http://198.204.228.26/live/gdxw.m3u8,,,,,,,,,,,CCSH.txt
广东新闻,http://107.150.60.122/live/gdxwa.m3u8,,,,,,,,,,,CCSH.txt
广东新闻,http://218.15.183.23:9901/tsfile/live/23010_1.m3u8,,,,,,,,,,,CCSH.txt
广东新闻,http://kkk.888.3116598.xyz/api.php?n=liujiahui&id=kCe2IB&tk=bknhp6JvJlqE,,,,,,,,,,,CCSH.txt
广东新闻,https://stream1.freetv.fun/yan-dong-xin-wen-12.ctv,,,,,,,,,,,CCSH.txt
广东新闻,https://stream1.freetv.fun/yan-dong-xin-wen-gao-qing-1.m3u8,,,,,,,,,,,CCSH.txt
广东新闻,https://stream1.freetv.fun/yan-dong-xin-wen-8.ctv,,,,,,,,,,,CCSH.txt
广东新闻,https://stream1.freetv.fun/yan-dong-xin-wen-18.ctv,,,,,,,,,,,CCSH.txt
广东新闻,https://stream1.freetv.fun/yan-dong-xin-wen-20.ctv,,,,,,,,,,,CCSH.txt
广东新闻,https://stream1.freetv.fun/yan-dong-xin-wen-6.ctv,,,,,,,,,,,CCSH.txt
广东新闻,https://stream1.freetv.fun/yan-dong-xin-wen-25.ctv,,,,,,,,,,,CCSH.txt
广东新闻,https://stream1.freetv.fun/yan-dong-xin-wen-13.ctv,,,,,,,,,,,CCSH.txt
广东新闻,https://stream1.freetv.fun/yan-dong-xin-wen-23.ctv,,,,,,,,,,,CCSH.txt
广东新闻,https://stream1.freetv.fun/yan-dong-xin-wen-24.ctv,,,,,,,,,,,CCSH.txt
广东民生,http://198.204.228.26/live/gdgg.m3u8,,,,,,,,,,,CCSH.txt
广东民生,http://192.151.150.154/live/gdgg.m3u8,,,,,,,,,,,CCSH.txt
广东民生,https://stream1.freetv.fun/yan-dong-min-sheng-20.m3u8,,,,,,,,,,,CCSH.txt
广东民生,https://stream1.freetv.fun/yan-dong-min-sheng-29.ctv,,,,,,,,,,,CCSH.txt
广东民生,https://stream1.freetv.fun/yan-dong-min-sheng-30.ctv,,,,,,,,,,,CCSH.txt
广东民生,https://stream1.freetv.fun/yan-dong-min-sheng-22.ctv,,,,,,,,,,,CCSH.txt
广东民生,https://stream1.freetv.fun/yan-dong-min-sheng-27.ctv,,,,,,,,,,,CCSH.txt
广东民生,https://stream1.freetv.fun/yan-dong-min-sheng-1.ctv,,,,,,,,,,,CCSH.txt
广东民生,https://stream1.freetv.fun/yan-dong-min-sheng-10.ctv,,,,,,,,,,,CCSH.txt
广东民生,https://stream1.freetv.fun/yan-dong-min-sheng-21.ctv,,,,,,,,,,,CCSH.txt
广东民生,https://stream1.freetv.fun/yan-dong-min-sheng-17.ctv,,,,,,,,,,,CCSH.txt
广东民生,https://stream1.freetv.fun/yan-dong-min-sheng-40.ctv,,,,,,,,,,,CCSH.txt
广东民生,https://stream1.freetv.fun/yan-dong-min-sheng-32.ctv,,,,,,,,,,,CCSH.txt
广东民生,https://stream1.freetv.fun/yan-dong-min-sheng-13.ctv,,,,,,,,,,,CCSH.txt
广东民生,https://stream1.freetv.fun/yan-dong-min-sheng-36.ctv,,,,,,,,,,,CCSH.txt
广东民生,https://stream1.freetv.fun/yan-dong-min-sheng-31.ctv,,,,,,,,,,,CCSH.txt
广东珠江,http://38.75.136.137:98/gslb/dsdqbv/gdzj.m3u8?auth=test20251009,,,,,,,,,,,CCSH.txt
广东珠江,https://stream1.freetv.fun/3e6c646d717a824425bca6f4f12c9091cc4725ab1afa8227b24b7a5bc6fcb019.m3u8,,,,,,,,,,,CCSH.txt
广东珠江,https://stream1.freetv.fun/5f12b986a77ebe5440c508c13895b3e7f8767b2a47c79f3f5fe948097e15337d.m3u8,,,,,,,,,,,CCSH.txt
广东珠江,https://stream1.freetv.fun/967c330a56e8f2fed10ea053ac29b132d29e323680b5e20a53e3af6bcf7b2f54.m3u8,,,,,,,,,,,CCSH.txt
广东珠江,https://stream1.freetv.fun/468bff09871ed8a1eba7a539f461001a9683ac2cbb084ef2d52449c7f1a52478.m3u8,,,,,,,,,,,CCSH.txt
广东珠江,https://stream1.freetv.fun/cd093c8b92ae68affb34b3b0f147bbdac575b4eee76ac0410e85d2777d808b6e.m3u8,,,,,,,,,,,CCSH.txt
广东珠江,https://stream1.freetv.fun/943a56c1980ac8d65adeb0603437a8cd8da6241b019e93bba89c37ff050946e5.m3u8,,,,,,,,,,,CCSH.txt
广东珠江,https://t.freetv.fun/live/yan-dong-zhu-jiang.m3u8,,,,,,,,,,,CCSH.txt
广东珠江,http://php.jdshipin.com/TVOD/iptv.php?id=gdzj,,,,,,,,,,,CCSH.txt
广东珠江,http://38.75.136.137:98/gslb/dsdqpub/gdzj.m3u8?auth=testpub,,,,,,,,,,,CCSH.txt
广东珠江,http://107.150.60.122/live/gdzja.m3u8,,,,,,,,,,,CCSH.txt
广东珠江,http://192.151.150.154/live/gdzj.m3u8,,,,,,,,,,,CCSH.txt
广东珠江,http://198.204.228.26/live/gdzj.m3u8,,,,,,,,,,,CCSH.txt
广东珠江,http://cdn2.132.us.kg/live/gdzj/stream.m3u8,,,,,,,,,,,CCSH.txt
广东珠江,https://stream1.freetv.fun/yan-dong-zhu-jiang-12.m3u8,,,,,,,,,,,CCSH.txt
广东珠江,https://stream1.freetv.fun/yan-dong-zhu-jiang-5.ctv,,,,,,,,,,,CCSH.txt
广州影视,http://r.jdshipin.com/sFw4S,,,,,,,,,,,CCSH.txt
广州影视,https://stream1.freetv.fun/yan-zhou-ying-shi-19.ctv,,,,,,,,,,,CCSH.txt
广州影视,https://stream1.freetv.fun/yan-zhou-ying-shi-14.ctv,,,,,,,,,,,CCSH.txt
广州影视,https://stream1.freetv.fun/yan-zhou-ying-shi-4.ctv,,,,,,,,,,,CCSH.txt
广州影视,https://stream1.freetv.fun/yan-zhou-ying-shi-24.ctv,,,,,,,,,,,CCSH.txt
广州影视,https://stream1.freetv.fun/yan-zhou-ying-shi-20.ctv,,,,,,,,,,,CCSH.txt
广州影视,https://stream1.freetv.fun/yan-zhou-ying-shi-18.ctv,,,,,,,,,,,CCSH.txt
广州影视,https://stream1.freetv.fun/yan-zhou-ying-shi-11.ctv,,,,,,,,,,,CCSH.txt
广州影视,https://stream1.freetv.fun/yan-zhou-ying-shi-13.ctv,,,,,,,,,,,CCSH.txt
广州影视,https://stream1.freetv.fun/yan-zhou-ying-shi-22.ctv,,,,,,,,,,,CCSH.txt
广州影视,https://stream1.freetv.fun/yan-zhou-ying-shi-1.m3u8,,,,,,,,,,,CCSH.txt
广州影视,https://stream1.freetv.fun/yan-zhou-ying-shi-8.m3u8,,,,,,,,,,,CCSH.txt
广州影视,https://stream1.freetv.fun/yan-zhou-ying-shi-17.ctv,,,,,,,,,,,CCSH.txt
广州影视,https://stream1.freetv.fun/yan-zhou-ying-shi-5.ctv,,,,,,,,,,,CCSH.txt
广州影视,https://stream1.freetv.fun/yan-zhou-ying-shi-9.ctv,,,,,,,,,,,CCSH.txt
广州新闻,https://cdn13.178.indevs.in/163189/609602b1e1048784,,,,,,,,,,,CCSH.txt
广州新闻,https://stream1.freetv.fun/yan-zhou-xin-wen-10.ctv,,,,,,,,,,,CCSH.txt
广州新闻,https://stream1.freetv.fun/yan-zhou-xin-wen-15.ctv,,,,,,,,,,,CCSH.txt
广州新闻,https://stream1.freetv.fun/yan-zhou-xin-wen-5.m3u8,,,,,,,,,,,CCSH.txt
广州新闻,https://stream1.freetv.fun/yan-zhou-xin-wen-16.ctv,,,,,,,,,,,CCSH.txt
广州新闻,https://stream1.freetv.fun/yan-zhou-xin-wen-21.ctv,,,,,,,,,,,CCSH.txt
广州新闻,https://stream1.freetv.fun/yan-zhou-xin-wen-27.ctv,,,,,,,,,,,CCSH.txt
广州新闻,https://stream1.freetv.fun/yan-zhou-xin-wen-4.ctv,,,,,,,,,,,CCSH.txt
广州新闻,https://stream1.freetv.fun/yan-zhou-xin-wen-12.ctv,,,,,,,,,,,CCSH.txt
广州新闻,https://stream1.freetv.fun/yan-zhou-xin-wen-26.ctv,,,,,,,,,,,CCSH.txt
广州新闻,https://stream1.freetv.fun/yan-zhou-xin-wen-25.ctv,,,,,,,,,,,CCSH.txt
广州新闻,https://stream1.freetv.fun/yan-zhou-xin-wen-13.ctv,,,,,,,,,,,CCSH.txt
广州新闻,https://stream1.freetv.fun/yan-zhou-xin-wen-17.ctv,,,,,,,,,,,CCSH.txt
广州新闻,https://stream1.freetv.fun/yan-zhou-xin-wen-20.ctv,,,,,,,,,,,CCSH.txt
广州新闻,https://stream1.freetv.fun/yan-zhou-xin-wen-23.ctv,,,,,,,,,,,CCSH.txt
广州新闻,https://stream1.freetv.fun/yan-zhou-xin-wen-3.m3u8,,,,,,,,,,,CCSH.txt
广州新闻,https://stream1.freetv.fun/yan-zhou-xin-wen-19.ctv,,,,,,,,,,,CCSH.txt
广州新闻,https://tencentplay.gztv.com/live/xinwen.m3u8?txSecret=d217bd6cf85c93e3b47b96504cd2dc1c&txTime=18e6ff29019,,,,,,,,,,,CCSH.txt
广州新闻,https://stream1.freetv.fun/yan-zhou-xin-wen-6.ctv,,,,,,,,,,,CCSH.txt
广州新闻,https://stream1.freetv.fun/yan-zhou-xin-wen-14.ctv,,,,,,,,,,,CCSH.txt
广州竞赛,https://stream1.freetv.fun/yan-zhou-jing-sai-25.ctv,,,,,,,,,,,CCSH.txt
广州竞赛,https://stream1.freetv.fun/yan-zhou-jing-sai-3.m3u8,,,,,,,,,,,CCSH.txt
广州竞赛,https://stream1.freetv.fun/yan-zhou-jing-sai-35.ctv,,,,,,,,,,,CCSH.txt
广州竞赛,https://stream1.freetv.fun/yan-zhou-jing-sai-13.m3u8,,,,,,,,,,,CCSH.txt
广州竞赛,https://stream1.freetv.fun/yan-zhou-jing-sai-16.ctv,,,,,,,,,,,CCSH.txt
广州竞赛,https://stream1.freetv.fun/yan-zhou-jing-sai-12.ctv,,,,,,,,,,,CCSH.txt
广州竞赛,https://stream1.freetv.fun/yan-zhou-jing-sai-18.ctv,,,,,,,,,,,CCSH.txt
广州竞赛,https://stream1.freetv.fun/yan-zhou-jing-sai-4.m3u8,,,,,,,,,,,CCSH.txt
广州竞赛,https://stream1.freetv.fun/yan-zhou-jing-sai-27.ctv,,,,,,,,,,,CCSH.txt
广州竞赛,https://stream1.freetv.fun/yan-zhou-jing-sai-11.m3u8,,,,,,,,,,,CCSH.txt
广州竞赛,https://stream1.freetv.fun/yan-zhou-jing-sai-37.m3u8,,,,,,,,,,,CCSH.txt
广州竞赛,https://stream1.freetv.fun/yan-zhou-jing-sai-31.ctv,,,,,,,,,,,CCSH.txt
广州竞赛,https://stream1.freetv.fun/yan-zhou-jing-sai-21.ctv,,,,,,,,,,,CCSH.txt
广州竞赛,https://stream1.freetv.fun/yan-zhou-jing-sai-2.ctv,,,,,,,,,,,CCSH.txt
广州竞赛,https://stream1.freetv.fun/yan-zhou-jing-sai-4.ctv,,,,,,,,,,,CCSH.txt
广州综合,https://t.freetv.fun/live/yan-zhou-zong-he.m3u8,,,,,,,,,,,CCSH.txt
广州综合,https://stream1.freetv.fun/yan-zhou-zong-he-25.ctv,,,,,,,,,,,CCSH.txt
广州综合,https://cdn13.178.indevs.in/163189/b13471c5de99d1c7,,,,,,,,,,,CCSH.txt
广州综合,https://stream1.freetv.fun/yan-zhou-zong-he-30.ctv,,,,,,,,,,,CCSH.txt
广州综合,https://stream1.freetv.fun/yan-zhou-zong-he-27.ctv,,,,,,,,,,,CCSH.txt
广州综合,https://stream1.freetv.fun/yan-zhou-zong-he-31.ctv,,,,,,,,,,,CCSH.txt
广州综合,https://stream1.freetv.fun/yan-zhou-zong-he-22.ctv,,,,,,,,,,,CCSH.txt
广州综合,https://stream1.freetv.fun/yan-zhou-zong-he-12.ctv,,,,,,,,,,,CCSH.txt
广州综合,https://stream1.freetv.fun/yan-zhou-zong-he-18.ctv,,,,,,,,,,,CCSH.txt
广州综合,https://stream1.freetv.fun/yan-zhou-zong-he-15.ctv,,,,,,,,,,,CCSH.txt
广州综合,https://stream1.freetv.fun/yan-zhou-zong-he-1.m3u8,,,,,,,,,,,CCSH.txt
广州综合,https://stream1.freetv.fun/yan-zhou-zong-he-21.ctv,,,,,,,,,,,CCSH.txt
广州综合,https://stream1.freetv.fun/yan-zhou-zong-he-13.ctv,,,,,,,,,,,CCSH.txt
广州综合,https://stream1.freetv.fun/yan-zhou-zong-he-2.m3u8,,,,,,,,,,,CCSH.txt
广州综合,https://stream1.freetv.fun/yan-zhou-zong-he-14.ctv,,,,,,,,,,,CCSH.txt
广州综合,https://tencentplay.gztv.com/live/zonghes.m3u8?txSecret=439b0fd2cf766b363c93a59cbcbe1370&txTime=18d00acf488,,,,,,,,,,,CCSH.txt
广州综合,https://stream1.freetv.fun/yan-zhou-zong-he-17.ctv,,,,,,,,,,,CCSH.txt
广州综合,https://stream1.freetv.fun/yan-zhou-zong-he-6.m3u8,,,,,,,,,,,CCSH.txt
汕头经济,https://stream1.freetv.fun/shan-tou-jing-ji-5.ctv,,,,,,,,,,,CCSH.txt
汕头综合,https://stream1.freetv.fun/shan-tou-zong-he-17.ctv,,,,,,,,,,,CCSH.txt
汕头综合,https://stream1.freetv.fun/shan-tou-zong-he-12.ctv,,,,,,,,,,,CCSH.txt
汕头综合,https://stream1.freetv.fun/shan-tou-zong-he-15.ctv,,,,,,,,,,,CCSH.txt
汕头综合,https://stream1.freetv.fun/shan-tou-zong-he-7.ctv,,,,,,,,,,,CCSH.txt
汕头综合,https://stream1.freetv.fun/shan-tou-zong-he-2.ctv,,,,,,,,,,,CCSH.txt
汕头综合,https://stream1.freetv.fun/shan-tou-zong-he-8.ctv,,,,,,,,,,,CCSH.txt
汕头综合,https://stream1.freetv.fun/shan-tou-zong-he-10.ctv,,,,,,,,,,,CCSH.txt
汕头综合,https://stream1.freetv.fun/shan-tou-zong-he-1.ctv,,,,,,,,,,,CCSH.txt
汕头综合,https://stream1.freetv.fun/shan-tou-zong-he-13.ctv,,,,,,,,,,,CCSH.txt
汕头综合,https://stream1.freetv.fun/shan-tou-zong-he-18.ctv,,,,,,,,,,,CCSH.txt
汕头综合,https://stream1.freetv.fun/shan-tou-zong-he-11.ctv,,,,,,,,,,,CCSH.txt
汕头综合,https://stream1.freetv.fun/shan-tou-zong-he-14.ctv,,,,,,,,,,,CCSH.txt
汕尾新闻综合,https://stream1.freetv.fun/shan-wei-xin-wen-zong-he-3.ctv,,,,,,,,,,,CCSH.txt
汕尾新闻综合,https://stream1.freetv.fun/shan-wei-xin-wen-zong-he-2.m3u8,,,,,,,,,,,CCSH.txt
江门综合,https://stream1.freetv.fun/jiang-men-zong-he-5.ctv,,,,,,,,,,,CCSH.txt
江门综合,https://stream1.freetv.fun/jiang-men-zong-he-11.ctv,,,,,,,,,,,CCSH.txt
江门综合,https://stream1.freetv.fun/jiang-men-zong-he-10.ctv,,,,,,,,,,,CCSH.txt
江门综合,https://stream1.freetv.fun/jiang-men-zong-he-12.ctv,,,,,,,,,,,CCSH.txt
江门综合,https://stream1.freetv.fun/jiang-men-zong-he-8.ctv,,,,,,,,,,,CCSH.txt
江门综合,https://stream1.freetv.fun/jiang-men-zong-he-13.ctv,,,,,,,,,,,CCSH.txt
江门综合,https://stream1.freetv.fun/jiang-men-zong-he-9.ctv,,,,,,,,,,,CCSH.txt
江门综合,https://stream1.freetv.fun/jiang-men-zong-he-14.ctv,,,,,,,,,,,CCSH.txt
深圳少儿,http://183.11.239.36:808/hls/157/index.m3u8,,,,,,,,,,,CCSH.txt
深圳少儿,https://stream1.freetv.fun/shen-zhen-shao-er-3.m3u8,,,,,,,,,,,CCSH.txt
深圳少儿,https://stream1.freetv.fun/shen-zhen-shao-er-3.ctv,,,,,,,,,,,CCSH.txt
深圳少儿,https://stream1.freetv.fun/shen-zhen-shao-er-2.ctv,,,,,,,,,,,CCSH.txt
深圳少儿,https://stream1.freetv.fun/shen-zhen-shao-er-7.ctv,,,,,,,,,,,CCSH.txt
深圳少儿,https://stream1.freetv.fun/shen-zhen-shao-er-5.ctv,,,,,,,,,,,CCSH.txt
深圳少儿,https://stream1.freetv.fun/shen-zhen-shao-er-6.ctv,,,,,,,,,,,CCSH.txt
深圳少儿,https://stream1.freetv.fun/shen-zhen-shao-er-1.m3u8,,,,,,,,,,,CCSH.txt
深圳财经生活,https://stream1.freetv.fun/shen-zhen-cai-jing-sheng-huo-1.m3u8,,,,,,,,,,,CCSH.txt
深圳财经生活,https://stream1.freetv.fun/shen-zhen-cai-jing-sheng-huo-4.ctv,,,,,,,,,,,CCSH.txt
上虞文化,https://stream1.freetv.fun/shang-yu-wen-hua-1.m3u8,,,,,,,,,,,CCSH.txt
上虞文化影院,http://l.cztvcloud.com/channels/lantian/SXshangyu2/720p.m3u8zzhed,,,,,,,,,,,CCSH.txt
上虞新商都,http://l.cztvcloud.com/channels/lantian/SXshangyu3/720p.m3u8?zzhed\r\n,,,,,,,,,,,CCSH.txt
上虞新闻综合,http://l.cztvcloud.com/channels/lantian/SXshangyu1/720p.m3u8?cWlkPSZzPTg3OWMwYmMyZDMzYTFhZGY3NDQxMjgyYTg1MmUzNTY0JmVzPTE3MDY2Nzc4NzMmdXVpZD0yMjdiY2MzNGNiNGY0MThlYjRiY2IxYzcwNmZjODNkMS02NzQ3NDY2NyZ2PTImYXM9MCZjZG5leF9pZD10eF9waG9uZV9saXZl,,,,,,,,,,,CCSH.txt
上虞新闻综合,http://l.cztvcloud.com/channels/lantian/SXshangyu1/720p.m3u8,,,,,,,,,,,CCSH.txt
上虞综合,https://stream1.freetv.fun/shang-yu-zong-he-1.m3u8,,,,,,,,,,,CCSH.txt
之江纪录,http://ali-m-l.cztv.com/channels/lantian/channel12/1080p.m3u8,,,,,,,,,,,CCSH.txt
余姚姚江文化,http://l.cztvcloud.com/channels/lantian/SXyuyao3/720p.m3u8zzhed,,,,,,,,,,,CCSH.txt
余姚综合,http://l.cztvcloud.com/channels/lantian/SXyuyao1/720p.m3u8?%E5%85%B3%E6%B3%A8%E5%BE%AE%E4%BF%A1%E5%85%AC%E4%BC%97%E5%8F%B7[%E6%99%B4%E5%9B%AD],,,,,,,,,,,CCSH.txt
余杭综合,http://l.cztvcloud.com/channels/lantian/SXyuhang1/720p.m3u8?cWlkPSZzPTg3OWMwYmMyZDMzYTFhZGY3NDQxMjgyYTg1MmUzNTY0JmVzPTE3MDY2Nzc4NzMmdXVpZD0yMjdiY2MzNGNiNGY0MThlYjRiY2IxYzcwNmZjODNkMS02NzQ3NDY2NyZ2PTImYXM9MCZjZG5leF9pZD10eF9waG9uZV9saXZl,,,,,,,,,,,CCSH.txt
嵊泗综合,https://stream1.freetv.fun/sheng-zhou-xin-wen-zong-he-3.m3u8,,,,,,,,,,,CCSH.txt
嵊泗综合,https://stream1.freetv.fun/sheng-zhou-xin-wen-zong-he-2.m3u8,,,,,,,,,,,CCSH.txt
平湖新闻综合,https://t.freetv.fun/live/ping-hu-xin-wen-zong-he-1.m3u8,,,,,,,,,,,CCSH.txt
平湖新闻综合,http://l.cztvcloud.com/channels/lantian/SXpinghu1/720p.m3u8?cWlkPSZzPTg3OWMwYmMyZDMzYTFhZGY3NDQxMjgyYTg1MmUzNTY0JmVzPTE3MDY2Nzc4NzMmdXVpZD0yMjdiY2MzNGNiNGY0MThlYjRiY2IxYzcwNmZjODNkMS02NzQ3NDY2NyZ2PTImYXM9MCZjZG5leF9pZD10eF9waG9uZV9saXZl,,,,,,,,,,,CCSH.txt
庆元综合,http://l.cztvcloud.com/channels/lantian/SXqingyuan1/720p.m3u8?zzhed,,,,,,,,,,,CCSH.txt
庆元综合,http://l.cztvcloud.com/channels/lantian/SXqingyuan1/720p.m3u8?%E5%85%B3%E6%B3%A8%E5%BE%AE%E4%BF%A1%E5%85%AC%E4%BC%97%E5%8F%B7[%E6%99%B4%E5%9B%AD],,,,,,,,,,,CCSH.txt
庆元综合,http://l.cztvcloud.com/channels/lantian/SXqingyuan1/720p.m3u8?zzhed[浙江]洞头综合频道,,,,,,,,,,,CCSH.txt
开化新闻,http://l.cztvcloud.com/channels/lantian/SXkaihua1/720p.m3u8,,,,,,,,,,,CCSH.txt
文成综合,http://l.cztvcloud.com/channels/lantian/SXwencheng1/720p.m3u8?fbl=,,,,,,,,,,,CCSH.txt
新昌新闻综合,http://l.cztvcloud.com/channels/lantian/SXxinchang1/720p.m3u8,,,,,,,,,,,CCSH.txt
新昌新闻综合,https://stream1.freetv.fun/xin-chang-xin-wen-zong-he-3.m3u8,,,,,,,,,,,CCSH.txt
新昌新闻综合,https://stream1.freetv.fun/xin-chang-xin-wen-zong-he-1.m3u8,,,,,,,,,,,CCSH.txt
普陀新闻综合,http://l.cztvcloud.com/channels/lantian/SXputuo1/720p.m3u8?zzhed,,,,,,,,,,,CCSH.txt
普陀新闻综合,http://l.cztvcloud.com/channels/lantian/SXputuo1/720p.m3u8?%E5%85%B3%E6%B3%A8%E5%BE%AE%E4%BF%A1%E5%85%AC%E4%BC%97%E5%8F%B7[%E6%99%B4%E5%9B%AD],,,,,,,,,,,CCSH.txt
杭州明珠,https://stream1.freetv.fun/hang-zhou-ming-zhu-2.m3u8,,,,,,,,,,,CCSH.txt
杭州明珠,https://stream1.freetv.fun/hang-zhou-ming-zhu-4.m3u8,,,,,,,,,,,CCSH.txt
杭州综合,http://live.xmcdn.com/live/1845/64.m3u8,,,,,,,,,,,CCSH.txt
松阳综合,http://l.cztvcloud.com/channels/lantian/SXsongyang1/720p.m3u8?fbl=,,,,,,,,,,,CCSH.txt
松阳综合,http://l.cztvcloud.com/channels/lantian/SXsongyang1/720p.m3u8?zzhed,,,,,,,,,,,CCSH.txt
松阳综合,http://l.cztvcloud.com/channels/lantian/SXsongyang1/720p.m3u8?zzhed;http://l.cztvcloud.com/channels/lantian/SXsongyang1/720p.m3u8zzhed,,,,,,,,,,,CCSH.txt
松阳综合,http://l.cztvcloud.com/channels/lantian/SXsongyang1/720p.m3u8?%E5%85%B3%E6%B3%A8%E5%BE%AE%E4%BF%A1%E5%85%AC%E4%BC%97%E5%8F%B7[%E6%99%B4%E5%9B%AD],,,,,,,,,,,CCSH.txt
武义新闻综合,http://l.cztvcloud.com/channels/lantian/SXwuyi1/720p.m3u8?zzhed\r\n,,,,,,,,,,,CCSH.txt
永嘉新闻综合,https://stream1.freetv.fun/yong-jia-xin-wen-zong-he-1.m3u8,,,,,,,,,,,CCSH.txt
永嘉新闻综合,http://l.cztvcloud.com/channels/lantian/SXyongjia1/720p.m3u8?zzhed&quot;,,,,,,,,,,,CCSH.txt
洞头综合,http://l.cztvcloud.com/channels/lantian/SXdongtou1/720p.m3u8?%E5%85%B3%E6%B3%A8%E5%BE%AE%E4%BF%A1%E5%85%AC%E4%BC%97%E5%8F%B7[%E6%99%B4%E5%9B%AD],,,,,,,,,,,CCSH.txt
浙江国际,http://ali-vl.cztv.com/channels/lantian/channel010/360p.m3u8?a=1000&d=4e3d476240659192311f471b7b63aec2&k=d26568bae9dd23dd781c769c148459b2&t=1683180450,,,,,,,,,,,CCSH.txt
浙江国际,http://ali-m-l.cztv.com/channels/lantian/channel010/1080p.m3u8?zzhed,,,,,,,,,,,CCSH.txt
浙江国际,https://stream1.freetv.fun/zhe-jiang-guo-ji-4.m3u8,,,,,,,,,,,CCSH.txt
浙江国际,https://stream1.freetv.fun/zhe-jiang-guo-ji-1.m3u8,,,,,,,,,,,CCSH.txt
浙江国际,https://stream1.freetv.fun/8edc171ba7945fd93cc0f2c9e39b48ba0a94500d0029db9456dfdc2d75f9ea9d.m3u8,,,,,,,,,,,CCSH.txt
浙江国际,https://stream1.freetv.fun/zhe-jiang-guo-ji-6.m3u8,,,,,,,,,,,CCSH.txt
浙江国际,https://stream1.freetv.fun/zhe-jiang-guo-ji-8.m3u8,,,,,,,,,,,CCSH.txt
浙江国际,https://stream1.freetv.fun/zhe-jiang-guo-ji-5.m3u8,,,,,,,,,,,CCSH.txt
浙江国际,https://stream1.freetv.fun/zhe-jiang-guo-ji-11.m3u8,,,,,,,,,,,CCSH.txt
浙江国际,https://stream1.freetv.fun/zhe-jiang-guo-ji-9.m3u8,,,,,,,,,,,CCSH.txt
浙江国际,https://stream1.freetv.fun/zhe-jiang-guo-ji-5.ctv,,,,,,,,,,,CCSH.txt
浙江国际,https://stream1.freetv.fun/zhe-jiang-guo-ji-2.m3u8,,,,,,,,,,,CCSH.txt
浙江国际,https://t.freetv.fun/live/zhe-jiang-guo-ji.m3u8,,,,,,,,,,,CCSH.txt
浙江教科影院,http://ali-m-l.cztv.com/channels/lantian/channel004/1080p.m3u8?zzhed,,,,,,,,,,,CCSH.txt
浙江数码时代,https://ali-m-l.cztv.com/channels/lantian/channel012/1080p.m3u8\r\n,,,,,,,,,,,CCSH.txt
浙江新闻,https://stream1.freetv.fun/zhe-jiang-xin-wen-11.m3u8,,,,,,,,,,,CCSH.txt
浙江新闻,http://ali-m-l.cztv.com/channels/lantian/channel007/1080p.m3u8?zzhed,,,,,,,,,,,CCSH.txt
浙江新闻,https://stream1.freetv.fun/zhe-jiang-xin-wen-6.m3u8,,,,,,,,,,,CCSH.txt
浙江新闻,https://stream1.freetv.fun/zhe-jiang-xin-wen-1.m3u8,,,,,,,,,,,CCSH.txt
浙江新闻,https://stream1.freetv.fun/zhe-jiang-xin-wen-2.ctv,,,,,,,,,,,CCSH.txt
浙江新闻,https://stream1.freetv.fun/zhe-jiang-xin-wen-8.m3u8,,,,,,,,,,,CCSH.txt
浙江新闻,https://stream1.freetv.fun/7fa07158e038a9bae3747a0cb9f8e8ff1aaba32669d28d99a498716f16569c1d.m3u8,,,,,,,,,,,CCSH.txt
浙江新闻,https://ali-m-l.cztv.com/channels/lantian/channel07/1080p.m3u8,,,,,,,,,,,CCSH.txt
浙江新闻,https://stream1.freetv.fun/zhe-jiang-xin-wen-10.m3u8,,,,,,,,,,,CCSH.txt
浙江新闻,https://stream1.freetv.fun/zhe-jiang-xin-wen-2.m3u8,,,,,,,,,,,CCSH.txt
浙江新闻,https://stream1.freetv.fun/zhe-jiang-xin-wen-3.m3u8,,,,,,,,,,,CCSH.txt
浙江新闻,https://stream1.freetv.fun/zhe-jiang-xin-wen-7.m3u8,,,,,,,,,,,CCSH.txt
浙江新闻,https://stream1.freetv.fun/zhe-jiang-xin-wen-9.m3u8,,,,,,,,,,,CCSH.txt
浙江新闻,https://ali-m-l.cztv.com/channels/lantian/channel07/720p.m3u8,,,,,,,,,,,CCSH.txt
浙江新闻,https://stream1.freetv.fun/zhe-jiang-xin-wen-4.m3u8,,,,,,,,,,,CCSH.txt
浙江新闻,https://t.freetv.fun/live/zhe-jiang-xin-wen.m3u8,,,,,,,,,,,CCSH.txt
浙江民生休闲,https://stream1.freetv.fun/zhe-jiang-min-sheng-3.m3u8,,,,,,,,,,,CCSH.txt
浙江民生休闲,https://stream1.freetv.fun/zhe-jiang-min-sheng-4.m3u8,,,,,,,,,,,CCSH.txt
浙江民生休闲,https://stream1.freetv.fun/zhe-jiang-min-sheng-4.ctv,,,,,,,,,,,CCSH.txt
浙江民生休闲,https://stream1.freetv.fun/zhe-jiang-min-sheng-xiu-xian-5.m3u8,,,,,,,,,,,CCSH.txt
浙江民生休闲,https://stream1.freetv.fun/zhe-jiang-min-sheng-xiu-xian-3.ctv,,,,,,,,,,,CCSH.txt
浙江民生休闲,https://stream1.freetv.fun/zhe-jiang-min-sheng-8.m3u8,,,,,,,,,,,CCSH.txt
浙江民生休闲,https://stream1.freetv.fun/zhe-jiang-min-sheng-1.m3u8,,,,,,,,,,,CCSH.txt
浙江民生休闲,https://stream1.freetv.fun/zhe-jiang-min-sheng-xiu-xian-2.ctv,,,,,,,,,,,CCSH.txt
浙江民生休闲,https://stream1.freetv.fun/zhe-jiang-min-sheng-xiu-xian-4.m3u8,,,,,,,,,,,CCSH.txt
浙江民生休闲,https://stream1.freetv.fun/zhe-jiang-min-sheng-7.m3u8,,,,,,,,,,,CCSH.txt
浙江生活,https://stream1.freetv.fun/zhe-jiang-jing-ji-sheng-huo-2.ctv,,,,,,,,,,,CCSH.txt
浙江生活,https://stream1.freetv.fun/zhe-jiang-jing-ji-sheng-huo-6.m3u8,,,,,,,,,,,CCSH.txt
浙江生活,https://ali-m-l.cztv.com/channels/lantian/channel003/1080p.m3u8\r\n,,,,,,,,,,,CCSH.txt
浙江生活,https://stream1.freetv.fun/zhe-jiang-jing-ji-sheng-huo-7.m3u8,,,,,,,,,,,CCSH.txt
浙江留学,https://ali-m-l.cztv.com/channels/lantian/channel009/1080p.m3u8,,,,,,,,,,,CCSH.txt
浙江遂昌,http://play-sh13.quklive.com/live/1708426592499070.m3u8?auth_key=2028414342-e92bda8423ad478c987a8b7ae82abe0e-0-c616f7fabb9675e1ed1d84d9edae7e07,,,,,,,,,,,CCSH.txt
浙江遂昌,http://l.cztvcloud.com/channels/lantian/SXsuichang1/720p.m3u8?%E5%85%B3%E6%B3%A8%E5%BE%AE%E4%BF%A1%E5%85%AC%E4%BC%97%E5%8F%B7[%E6%99%B4%E5%9B%AD],,,,,,,,,,,CCSH.txt
浙江钱江,http://ali-m-l.cztv.com/channels/lantian/channel002/1080p.m3u8?zzhed,,,,,,,,,,,CCSH.txt
浙江钱江,https://stream1.freetv.fun/zhe-jiang-qian-jiang-du-shi-1.m3u8,,,,,,,,,,,CCSH.txt
浙江钱江,https://stream1.freetv.fun/bf079ada709563bdd095159c02dfb5afb53c24e643b73f987100b9d25e9c8f41.m3u8,,,,,,,,,,,CCSH.txt
浙江钱江,https://stream1.freetv.fun/zhe-jiang-qian-jiang-du-shi-2.m3u8,,,,,,,,,,,CCSH.txt
浙江钱江,http://ali-m-l.cztv.com/channels/lantian/channel002/1080p.m3u8?fbl=,,,,,,,,,,,CCSH.txt
浙江钱江,http://ali-m-l.cztv.com/channels/lantian/channel002/720p.m3u8,,,,,,,,,,,CCSH.txt
海宁新闻综合,http://p2hs.vzan.com/slowlive/317913155078575177/live.m3u8,,,,,,,,,,,CCSH.txt
海宁新闻综合,https://p2hs.vzan.com/slowlive/317913155078575177/live.m3u8?zbid=293304&tpid=1708007815,,,,,,,,,,,CCSH.txt
湖州公共,http://hzcm-live.media.hugd.com/1e6b554b9ab74513958c0e1ffe664d22/9acaa7634309494cb29a85eb12136607.m3u8?auth_key=2272900830-9a2389b8bf4e49d580d4ad807423d326-0-ea78a5c7a678c436263582d368f5009e&amp;fbl=,,,,,,,,,,,CCSH.txt
湖州公共,https://hzcm-live.media.hugd.com/1e6b554b9ab74513958c0e1ffe664d22/9acaa7634309494cb29a85eb12136607.m3u8?auth_key=2272900830-9a2389b8bf4e49d580d4ad807423d326-0-ea78a5c7a678c436263582d368f5009e,,,,,,,,,,,CCSH.txt
湖州文化娱乐,http://hzcm-live.media.hugd.com/613c47f0ab0d4eaa98b21378d0db6ded/0051d31c9dd543a7825eea4e49675b2a.m3u8?auth_key=2277598059-0a5ebfa1c0dc4671b42a60810fc37039-0-fa625b7d1feab612062453c12e3c8887&fbl=,,,,,,,,,,,CCSH.txt
湖州文化娱乐,https://hzcm-live.media.hugd.com/613c47f0ab0d4eaa98b21378d0db6ded/0051d31c9dd543a7825eea4e49675b2a.m3u8?auth_key=2277598059-0a5ebfa1c0dc4671b42a60810fc37039-0-fa625b7d1feab612062453c12e3c8887,,,,,,,,,,,CCSH.txt
湖州新闻综合,http://hzcm-live.media.hugd.com/3f5fa7d64c7c46a38c6bd8ad35e836cc/65128273761b4731ae53729ea6dcf932.m3u8?auth_key=2277598215-9d21c15111244bea8d298c361d31a72e-0-d031198f58d44b0e91ba2e3f3b188865&amp;fbl=,,,,,,,,,,,CCSH.txt
湖州新闻综合,https://hzcm-live.media.hugd.com/3f5fa7d64c7c46a38c6bd8ad35e836cc/65128273761b4731ae53729ea6dcf932.m3u8?auth_key=2277598215-9d21c15111244bea8d298c361d31a72e-0-d031198f58d44b0e91ba2e3f3b188865,,,,,,,,,,,CCSH.txt
湖州新闻综合,https://t.freetv.fun/live/sheng-zhou-xin-wen-zong-he.m3u8,,,,,,,,,,,CCSH.txt
绍兴公共,http://live.shaoxing.com.cn/video/s10001-sxtv2/index.m3u8?,,,,,,,,,,,CCSH.txt
绍兴公共,http://live.shaoxing.com.cn/video/s10001-sxtv2/index.m3u8?zzhed,,,,,,,,,,,CCSH.txt
绍兴文化,http://live.shaoxing.com.cn/video/s10001-sxtv3/index.m3u8?zzhed?,,,,,,,,,,,CCSH.txt
绍兴文化,https://stream1.freetv.fun/shao-xing-wen-hua-1.m3u8,,,,,,,,,,,CCSH.txt
绍兴文化影院,http://live.shaoxing.com.cn/video/s10001-sxtv3/index.m3u8?zzhed,,,,,,,,,,,CCSH.txt
绍兴新闻综合,http://live.shaoxing.com.cn/video/s10001-sxtv1/index.m3u8?zzhed,,,,,,,,,,,CCSH.txt
绍兴新闻综合,http://live.shaoxing.com.cn/video/s10001-sxhb/index.m3u8?zzhed,,,,,,,,,,,CCSH.txt
绍兴新闻综合,http://live.shaoxing.com.cn/video/s10001-sxhb/index.m3u8,,,,,,,,,,,CCSH.txt
缙云新闻综合,http://l.cztvcloud.com/channels/lantian/SXjinyun1/720p.m3u8?fbl=,,,,,,,,,,,CCSH.txt
缙云综合,http://l.cztvcloud.com/channels/lantian/SXjinyun1/720p.m3u8?zzhed&quot;,,,,,,,,,,,CCSH.txt
苍南新闻,http://l.cztvcloud.com/channels/lantian/SXcangnan1/720p.m3u8,,,,,,,,,,,CCSH.txt
苍南新闻综合,https://stream1.freetv.fun/cang-nan-xin-wen-zong-he-7.m3u8,,,,,,,,,,,CCSH.txt
苍南新闻综合,https://stream1.freetv.fun/cang-nan-xin-wen-zong-he-2.m3u8,,,,,,,,,,,CCSH.txt
萧山新闻综合,https://stream1.freetv.fun/xiao-shan-xin-wen-zong-he-7.m3u8,,,,,,,,,,,CCSH.txt
萧山新闻综合,https://stream1.freetv.fun/xiao-shan-xin-wen-zong-he-3.m3u8,,,,,,,,,,,CCSH.txt
萧山新闻综合,https://stream1.freetv.fun/xiao-shan-xin-wen-zong-he-1.m3u8,,,,,,,,,,,CCSH.txt
萧山综合,http://l.cztvcloud.com/channels/lantian/SXxiaoshan3/720p.m3u8,,,,,,,,,,,CCSH.txt
衢江新闻,http://l.cztvcloud.com/channels/lantian/SXqujiang1/720p.m3u8,,,,,,,,,,,CCSH.txt
诸暨新闻综合,http://l.cztvcloud.com/channels/lantian/SXzhuji3/720p.m3u8,,,,,,,,,,,CCSH.txt
鄞州一套,http://pili-publish.yzxw.newaircloud.com/newaircloud-yzxw/yzxw_20190925090843.m3u8?zzhed,,,,,,,,,,,CCSH.txt
鄞州二套,http://pili-publish.yzxw.newaircloud.com/newaircloud-yzxw/yzxw_20190925090936.m3u8?zzhed,,,,,,,,,,,CCSH.txt
钱江都市,https://stream1.freetv.fun/qian-jiang-du-shi-2.m3u8,,,,,,,,,,,CCSH.txt
钱江都市,https://stream1.freetv.fun/qian-jiang-du-shi-1.m3u8,,,,,,,,,,,CCSH.txt
青田电视,http://l.cztvcloud.com/channels/lantian/SXqingtian1/720p.m3u8?zzhed,,,,,,,,,,,CCSH.txt
龙泉新闻综合,http://l.cztvcloud.com/channels/lantian/SXlongquan1/720p.m3u8?zzhed&quot;,,,,,,,,,,,CCSH.txt
龙游新闻,http://l.cztvcloud.com/channels/lantian/SXlongyou1/720p.m3u8,,,,,,,,,,,CCSH.txt
龙游生活娱乐,http://l.cztvcloud.com/channels/lantian/SXlongyou2/720p.m3u8,,,,,,,,,,,CCSH.txt
山东体育,http://live.xmcdn.com/live/805/64.m3u8,,,,,,,,,,,CCSH.txt
山东体育,http://58.57.40.22:9901/tsfile/live/1020_1.m3u8,,,,,,,,,,,CCSH.txt
山东体育,http://123.129.70.178:9901/tsfile/live/1001_1.m3u8?key=txiptv&playlive=1&authid=0,,,,,,,,,,,CCSH.txt
山东体育,https://stream1.freetv.fun/shan-dong-ti-yu-3.m3u8,,,,,,,,,,,CCSH.txt
山东体育,https://stream1.freetv.fun/shan-dong-ti-yu-16.m3u8,,,,,,,,,,,CCSH.txt
山东体育,https://stream1.freetv.fun/shan-dong-ti-yu-6.m3u8,,,,,,,,,,,CCSH.txt
山东体育,https://stream1.freetv.fun/shan-dong-ti-yu-9.m3u8,,,,,,,,,,,CCSH.txt
山东体育,https://stream1.freetv.fun/shan-dong-ti-yu-2.m3u8,,,,,,,,,,,CCSH.txt
山东体育,https://stream1.freetv.fun/shan-dong-ti-yu-1.m3u8,,,,,,,,,,,CCSH.txt
山东体育,https://stream1.freetv.fun/shan-dong-ti-yu-22.m3u8,,,,,,,,,,,CCSH.txt
山东体育,https://stream1.freetv.fun/shan-dong-ti-yu-23.m3u8,,,,,,,,,,,CCSH.txt
山东体育,https://stream1.freetv.fun/shan-dong-ti-yu-14.m3u8,,,,,,,,,,,CCSH.txt
山东体育,https://stream1.freetv.fun/shan-dong-ti-yu-25.m3u8,,,,,,,,,,,CCSH.txt
