频道名,地址,回播地址,回播类型,回播天数,tvg-id,tvg-name,国家分组,语言分组,图标,原分组,分辨率,来源文件,检测时间,状态码,ffprobe是否成功,视频编码,帧率,音频,ffprobe探测时间,筛除原因,是否灰区,灰区原因,灰区建议动作,动态值（阈值 ≤ 10）,主phash总出现次数,主phash占比,主phash值,前三主phash重复比例（阈值 ≥ 70%）,锚点一致率-2秒（阈值 ≥ 95%）,锚点一致率-32秒（阈值 ≥ 95%）,静态评分,最近一次动态分,历史动态稳定分,内容集中度分,锚点软加分,当前置信度,历史置信度,首次出现时间
Maha Movie (576p),https://cdn.pishow.tv/ott/live/10007/master.m3u8,,,,MahaMovie.in@SD,,,,https://jiotvimages.cdn.jio.com/dare_images/images/Maha_Movies.png,Movies,424x240,iptv-org-all.txt,239,200,成功,h264,25.0,有音频,9.165,硬规则命中：高度静态,否,,,0.00,114,1.0000,ff646464646c6c6c,100.00%,100.00%,100.00%,100.00,100.00,100.00,100.00,100.00,6,1.0000,2026-09-19 04:14:00
Logos TV English (1080p) [Not 24/7],https://5aafcc5de91f1.streamlock.net/logoschannel.com/logoseng/playlist.m3u8,,,,LogosTVEnglish.us@SD,,,,https://i.imgur.com/LDfEK81.png,Religious,1920x1080,iptv-org-all.txt,559,200,成功,h264,30.0,有音频,2.692,硬规则命中：高度静态,否,,,0.00,114,1.0000,0000000000000000,100.00%,100.00%,100.00%,100.00,100.00,100.00,100.00,100.00,6,1.0000,2026-09-19 04:14:00
Maha Punjabi,https://cdn.pishow.tv/ott/live/1521/master.m3u8,,,,MahaPunjabi.in@SD,,,,https://i.imgur.com/AWUcSb8.png,Entertainment,424x240,iptv-org-all.txt,239,200,成功,h264,25.0,有音频,8.951,硬规则命中：高度静态,否,,,0.00,108,1.0000,ff646464646c6c6c,100.00%,100.00%,100.00%,100.00,100.00,100.00,100.00,100.00,6,1.0000,2026-09-19 04:14:00
Kuban 24 (480p) [Geo-blocked],http://dmi3y-tv.online/hls/zabava/region/MAYK/CH_MAYKOP.m3u8,,,,Kuban24.ru@MaikopskoyeTelevidenie,,,,https://www.cableman.ru/sites/default/files/2022-03-23_02-09-35.png,General,1980x1920,iptv-org-all.txt,1144,200,成功,h264,25.0,有音频,4.373,硬规则命中：高度静态,否,,,0.00,36,1.0000,cc6633b3cc4c8e93,100.00%,100.00%,100.00%,100.00,100.00,100.00,100.00,100.00,6,1.0000,2026-09-28 23:41:00
KSTV Uganda,https://live.esteem.africa/kstv/hls/0/stream.m3u8,,,,KSTVUganda.ug@SD,,,,https://i.imgur.com/MMPzPSl.png,Religious,1280x720,iptv-org-all.txt,1250,200,成功,h264,25.0,有音频,0.905,硬规则命中：高度静态,否,,,0.00,114,1.0000,98c1e162b68c6e9f,100.00%,100.00%,100.00%,100.00,100.00,100.00,100.00,100.00,6,1.0000,2026-09-19 04:14:00
MST3K (1080p),https://mst3k-roku.amagi.tv/playlist.m3u8,,,,MST3K.us@US,,,,https://i.imgur.com/2LSdcga.png,Series,,iptv-org-all.txt,54,200,成功,h264,,有音频,3.382,硬规则命中：高度静态,否,,,0.00,114,1.0000,95047f4af09701fe,100.00%,100.00%,100.00%,100.00,100.00,100.00,100.00,100.00,6,1.0000,2026-09-19 04:14:00
PCTV 26 (480p),https://cdn3.wowza.com/5/cXdyRHF0Z3kxN0k2/pinole/G0032_004/playlist.m3u8,,,,PCTV26.us@SD,,,,https://i.imgur.com/3tMAQU7.png,Legislative,640x480,iptv-org-all.txt,348,200,成功,h264,25.0,有音频,1.536,硬规则命中：高度静态,否,,,0.00,114,1.0000,f4363ececcc8c0e1,100.00%,100.00%,100.00%,100.00,100.00,100.00,100.00,100.00,6,1.0000,2026-09-19 04:14:00
PCTV 28 (480p),https://cdn3.wowza.com/5/cXdyRHF0Z3kxN0k2/pinole/G0032_002/playlist.m3u8,,,,PCTV28.us@SD,,,,https://i.imgur.com/WahZg3L.png,General,640x360,iptv-org-all.txt,359,200,成功,h264,25.0,有音频,1.511,硬规则命中：高度静态,否,,,0.00,114,1.0000,f03238cccccdc7c3,100.00%,100.00%,100.00%,100.00,100.00,100.00,100.00,100.00,6,1.0000,2026-09-19 04:14:00
Patriot (720p),https://stream.smotrim.ru/hls2/static/playlist_4.m3u8,,,,Patriot.ru@SD,,,,https://patriotkanal.ru/assets/cached/2025/02/resize/264_112_q100_patriot-only-logo.png,Movies,1280x720,iptv-org-all.txt,1297,200,成功,h264,25.0,有音频,6.356,硬规则命中：高度静态,否,,,0.00,114,1.0000,ef4b9494616b2ec8,100.00%,100.00%,100.00%,100.00,100.00,100.00,100.00,100.00,6,1.0000,2026-09-19 04:14:00
Radio Romania Targu Mures (576p),https://stream3.srr.ro/live/radio-muresr/chunklist_w1731505049.m3u8,,,,RadioRomaniaTarguMures.ro@SD,,,,https://myradioonline.ro/public/uploads/radio_img/radio-romania-targu-mures/fb_cover.jpg,General;Music,1280x720,iptv-org-all.txt,1026,200,成功,h264,30.0,有音频,5.049,硬规则命中：高度静态,否,,,0.00,24,1.0000,e7137324ce9b18cc,100.00%,100.00%,100.00%,100.00,100.00,100.00,100.00,100.00,6,1.0000,2026-10-01 23:32:00
Placid (1080p) [Not 24/7],https://toy.vcdn.fyi/placid/index.m3u8,,,,Placid.us@EastHD,,,,https://static.wikitide.net/indietvwiki/0/03/Placid_(2026).svg,Animation,1920x1080,iptv-org-all.txt,920,200,成功,h264,29.97002997002997,有音频,2.253,硬规则命中：高度静态,否,,,0.00,114,1.0000,d5d995846a6a6a6a,100.00%,100.00%,100.00%,100.00,100.00,100.00,100.00,100.00,6,1.0000,2026-09-19 04:14:00
PBS KMOS-TV (1080p) [Geo-blocked],https://hls-kmosdt.lls.cdn.pbs.org/hls/live/index.m3u8,,,,PBS.us@KMOSTV,,,,https://i.imgur.com/8c8isLj.png,Education,,iptv-org-all.txt,1036,200,成功,h264,,有音频,1.922,硬规则命中：高度静态,否,,,0.00,114,1.0000,95626ece936926c9,100.00%,100.00%,100.00%,100.00,100.00,100.00,100.00,100.00,6,1.0000,2026-09-19 04:14:00
Sharjah Radio Quran (1080p),https://live.kwikmotion.com/smcquranlive/quranradiolive/playlist.m3u8,,,,SharjahRadioQuran.ae@SD,,,,https://i.imgur.com/MxZlOvc.png,Religious,1920x1080,iptv-org-all.txt,200,200,成功,h264,25.0,有音频,0.889,硬规则命中：高度静态,否,,,0.00,108,1.0000,a3664c99197366d9,100.00%,100.00%,100.00%,100.00,100.00,100.00,100.00,100.00,6,1.0000,2026-09-19 04:14:00
San Jose TV (1080p),https://rtmp.info/sanjosetv/envivo/playlist.m3u8,,,,SanJoseTV.cr@SD,,,,https://i.ibb.co/mbB8hqL/blanco-crop.png,Religious,1920x1080,iptv-org-all.txt,1434,200,成功,h264,59.94005994005994,有音频,3.227,硬规则命中：高度静态,否,,,0.00,108,1.0000,ece49b1e8c6a9265,100.00%,100.00%,100.00%,100.00,100.00,100.00,100.00,100.00,6,1.0000,2026-09-19 04:14:00
Sky News Extra 3 (1080p),https://skynewsau-live.akamaized.net/hls/live/2002691/skynewsau-extra3/master.m3u8,,,,SkyNewsExtra3.au@SD,,,,https://i.imgur.com/ZsPb8nL.png,News,640x360,iptv-org-all.txt,2052,200,成功,h264,25.0,有音频,6.531,硬规则命中：高度静态,否,,,0.00,108,1.0000,ccdc7e707031332b,100.00%,100.00%,100.00%,100.00,100.00,100.00,100.00,100.00,6,1.0000,2026-09-19 04:14:00
Sky News Extra 1 (540p),https://skynewsau-live.akamaized.net/hls/live/2002689/skynewsau-extra1/master.m3u8,,,,SkyNewsExtra1.au@SD,,,,https://i.imgur.com/ZsPb8nL.png,News,640x360,iptv-org-all.txt,2340,200,成功,h264,25.0,有音频,5.906,硬规则命中：高度静态,否,,,0.00,108,1.0000,ccdc7e707031332b,100.00%,100.00%,100.00%,100.00,100.00,100.00,100.00,100.00,6,1.0000,2026-09-19 04:14:00
Sky News Extra 2 (540p) [Not 24/7],https://skynewsau-live.akamaized.net/hls/live/2002690/skynewsau-extra2/master.m3u8,,,,SkyNewsExtra2.au@SD,,,,https://i.imgur.com/ZsPb8nL.png,News,640x360,iptv-org-all.txt,2290,200,成功,h264,25.0,有音频,8.617,硬规则命中：高度静态,否,,,0.00,108,1.0000,ccdc7e707031332b,100.00%,100.00%,100.00%,100.00,100.00,100.00,100.00,100.00,6,1.0000,2026-09-19 04:14:00
Ryongnamsan Television (720p) [Not 24/7],https://live.koryocdn.org/ryongnamsan/index.m3u8,,,,RyongnamsanTelevision.kp@HD,,,,https://i.imgur.com/1BHJjY4.png,Education,1920x1080,iptv-org-all.txt,551,200,成功,h264,50.0,有音频,0.689,硬规则命中：高度静态,否,,,0.00,18,1.0000,ff00000000000000,100.00%,100.00%,100.00%,100.00,100.00,100.00,100.00,100.00,6,1.0000,2026-10-01 23:32:00
Television Consciente (1080p),https://cdn318.fractalmedia.es/318/live/hls/tvc/master.m3u8,,,,TelevisionConsciente.es@SD,,,,https://i.imgur.com/6QVHKPw.png,Religious,1920x1080,iptv-org-all.txt,570,200,成功,h264,25.0,有音频,2.647,硬规则命中：高度静态,否,,,0.00,114,1.0000,b3978ee2709bcc24,100.00%,100.00%,100.00%,100.00,100.00,100.00,100.00,100.00,6,1.0000,2026-09-19 04:14:00
Sports Television (720p) [Not 24/7],https://live.koryocdn.org/sports/index.m3u8,,,,SportsTelevision.kp@HD,,,,https://i.imgur.com/HvFpGeH.png,Sports,1920x1080,iptv-org-all.txt,1381,200,成功,h264,50.0,有音频,0.478,硬规则命中：高度静态,否,,,0.00,24,1.0000,ff00000000000000,100.00%,100.00%,100.00%,100.00,100.00,100.00,100.00,100.00,6,1.0000,2026-10-01 23:32:00
Telestar1,https://dvb.tennet.ro/mobile_tv/telestar.m3u8,,,,Telestar1.ro@SD,,,,https://i.imgur.com/BTKh5ef.png,Undefined,640x360,iptv-org-all.txt,1655,200,成功,h264,25.0,有音频,4.195,硬规则命中：高度静态,否,,,0.00,114,1.0000,c32c4e3bac8d3956,100.00%,100.00%,100.00%,100.00,100.00,100.00,100.00,100.00,6,1.0000,2026-09-19 04:14:00
Sport 4 (Israel) (1080p),http://sewv654wfcsdwfi87fwvgbngh.siauliairsavlt.pw/iptv/BWGFFCU59AE6AEV3KF3FXTBA/2389/index.m3u8,,,,Sport4.il@SD,,,,https://i.imgur.com/wFXzzYs.png,Sports,1920x1080,iptv-org-all.txt,750,200,成功,h264,25.0,无音频,1.726,硬规则命中：高度静态,否,,,0.00,48,1.0000,b2b295b5962d1e1a,100.00%,100.00%,100.00%,100.00,100.00,100.00,100.00,100.00,6,1.0000,2026-09-27 15:49:00
Sport 3 (Israel) (1080p),http://sewv654wfcsdwfi87fwvgbngh.siauliairsavlt.pw/iptv/BWGFFCU59AE6AEV3KF3FXTBA/12251/index.m3u8,,,,Sport3.il@SD,,,,https://i.imgur.com/stSrBBh.png,Sports,1920x1080,iptv-org-all.txt,767,200,成功,h264,25.0,无音频,1.524,硬规则命中：高度静态,否,,,0.00,48,1.0000,b2b295b5962d1e1a,100.00%,100.00%,100.00%,100.00,100.00,100.00,100.00,100.00,6,1.0000,2026-09-27 15:49:00
Viasat History (Sweden) [Not 24/7],http://315e5a5d.ottrast.com/iptv/8XFKA8883W9M5K/12101/index.m3u8,,,,ViasatHistory.se@SD,,,,https://i.imgur.com/wRP9XA7.png,Documentary,1920x1080,iptv-org-all.txt,209,200,成功,h264,25.0,无音频,1.726,硬规则命中：高度静态,否,,,0.00,114,1.0000,b2b295b5962d1e1a,100.00%,100.00%,100.00%,100.00,100.00,100.00,100.00,100.00,6,1.0000,2026-09-19 04:14:00
TV Alianca Catarinense (720p),https://video01.logicahost.com.br/tvalianca/tvalianca/playlist.m3u8,,,,TVAliancaCatarinense.br@SD,,,,https://i.imgur.com/eqmOhtP.png,General,856x480,iptv-org-all.txt,181,200,成功,h264,30.0,有音频,5.838,硬规则命中：高度静态,否,,,0.00,96,1.0000,c3dc01bad423bad5,100.00%,100.00%,100.00%,100.00,100.00,100.00,100.00,100.00,6,1.0000,2026-09-20 15:17:00
TV Vita,https://dash3.antik.sk/live/test_vita/playlist.m3u8,,,,TVVita.sk@SD,,,,https://i.imgur.com/Cx1GLbo.png,Culture,1280x720,iptv-org-all.txt,161,200,成功,h264,50.0,有音频,2.058,硬规则命中：高度静态,否,,,0.00,114,1.0000,ed943b9d126b146a,100.00%,100.00%,100.00%,100.00,100.00,100.00,100.00,100.00,6,1.0000,2026-09-19 04:14:00
V Sport Golf [Not 24/7],http://315e5a5d.ottrast.com/iptv/8XFKA8883W9M5K/12077/index.m3u8,,,,VSportGolf.se@SD,,,,https://i.imgur.com/wCw8Pmz.png,Sports,1920x1080,iptv-org-all.txt,212,200,成功,h264,25.0,无音频,1.675,硬规则命中：高度静态,否,,,0.00,114,1.0000,b2b295b5962d1e1a,100.00%,100.00%,100.00%,100.00,100.00,100.00,100.00,100.00,6,1.0000,2026-09-19 04:14:00
UniMas Mountain (1080p),http://168.228.44.241:9997/play/a09e/index.m3u8,,,,UniMas.us@Mountain,,,,https://upload.wikimedia.org/wikipedia/commons/thumb/3/34/Logo_UniM%C3%A1s_2021.svg/960px-Logo_UniM%C3%A1s_2021.svg.png,Undefined,1920x1080,iptv-org-all.txt,326,200,成功,h264,25.0,有音频,1.064,硬规则命中：高度静态,否,,,0.00,88,0.9167,cccc3333cccccc33,93.75%,86.67%,100.00%,88.15,100.00,66.89,93.75,93.33,6,0.9375,2026-09-19 04:14:00
Viasat Nature (Sweden) [Not 24/7],http://315e5a5d.ottrast.com/iptv/8XFKA8883W9M5K/12084/index.m3u8,,,,ViasatNature.se@SD,,,,https://i.imgur.com/ousRqqD.png,Documentary,1920x1080,iptv-org-all.txt,212,200,成功,h264,25.0,无音频,1.697,硬规则命中：高度静态,否,,,0.00,114,1.0000,b2b295b5962d1e1a,100.00%,100.00%,100.00%,100.00,100.00,100.00,100.00,100.00,6,1.0000,2026-09-19 04:14:00
Volga,http://tele2dvrnat01-02.cdnvideo.ru/stream/NAT_Volga/hls/1920x1080@4504/playlist.m3u8,,,,Volga.ru@SD,,,,https://i.imgur.com/xHs1pr1.png,Undefined,1280x720,iptv-org-all.txt,772,200,成功,h264,25.0,有音频,1.396,硬规则命中：高度静态,否,,,0.00,114,1.0000,8c983367659be664,100.00%,100.00%,100.00%,100.00,100.00,100.00,100.00,100.00,6,1.0000,2026-09-19 04:14:00
Viasat Explore (Sweden) [Not 24/7],http://315e5a5d.ottrast.com/iptv/8XFKA8883W9M5K/12085/index.m3u8,,,,ViasatExplore.se@SD,,,,https://i.imgur.com/DyT5pKB.png,Documentary,1920x1080,iptv-org-all.txt,209,200,成功,h264,25.0,无音频,1.659,硬规则命中：高度静态,否,,,0.00,114,1.0000,b2b295b5962d1e1a,100.00%,100.00%,100.00%,100.00,100.00,100.00,100.00,100.00,6,1.0000,2026-09-19 04:14:00
Univision WLTV-DT (720p),http://168.228.44.241:9997/play/a09d/index.m3u8,,,,Univision.us@WLTVDT,,,,https://i.imgur.com/Sr3EoK5.png,Undefined,1920x1080,iptv-org-all.txt,821,200,成功,h264,25.0,有音频,0.756,硬规则命中：高度静态,否,,,0.00,88,0.9167,99cc663399cc6633,93.75%,100.00%,100.00%,88.82,100.00,66.89,93.75,100.00,6,0.9375,2026-09-19 04:14:00
兵团五师双河影,https://liveout.btzx.com.cn/62ds9e/6o77s4.m3u8?zxinjd,,,,,兵团五师双河影,,,,,720x576,TianmuTNT.txt,3906,200,成功,h264,25.0,有音频,7.493,硬规则命中：高度静态,否,,,0.00,114,1.0000,e34d92326de7982c,100.00%,100.00%,100.00%,100.00,100.00,100.00,100.00,100.00,6,1.0000,2026-09-19 04:14:00
哈尔滨娱乐,https://stream.hrbtv.net/ylpd/sd/live.m3u8,,,,,哈尔滨娱乐,,,,,640x480,TianmuTNT.txt,324,200,成功,h264,25.0,有音频,5.579,硬规则命中：高度静态,否,,,0.00,108,0.9474,8080808080802a80,94.74%,100.00%,100.00%,98.95,100.00,100.00,94.74,100.00,6,0.9474,2026-09-19 04:14:00
甘南县综合,https://stream.hrbtv.net/zxpd/sd/live.m3u8,,,,,甘南县综合,,,,,640x480,TianmuTNT.txt,5125,200,成功,h264,25.0,有音频,6.215,硬规则命中：高度静态,否,,,0.00,108,0.9474,8080808080802a80,94.74%,100.00%,100.00%,98.95,100.00,100.00,94.74,100.00,6,0.9474,2026-09-19 04:14:00
长白山电视台,http://stream8.jlntv.cn/cbstv/sd/live.m3u8?zjild,,,,,长白山电视台,,,,,320x240,TianmuTNT.txt,351,200,成功,h264,25.0,有音频,3.783,硬规则命中：高度静态,否,,,0.00,114,1.0000,ad52ad52ad52ad52,100.00%,100.00%,100.00%,100.00,100.00,100.00,100.00,100.00,6,1.0000,2026-09-19 04:14:00
汪清,http://stream5.jlntv.cn/wq/sd/live.m3u8?zjild,,,,,汪清,,,,,320x240,TianmuTNT.txt,319,200,成功,h264,25.0,有音频,3.757,硬规则命中：高度静态,否,,,0.00,114,1.0000,ad52ad52ad52ad52,100.00%,100.00%,100.00%,100.00,100.00,100.00,100.00,100.00,6,1.0000,2026-09-19 04:14:00
新沂生活,http://live.xysrmt.cn/shpd/sd/live.m3u8?zjiangsd,,,,,新沂生活,,,,,1280x720,TianmuTNT.txt,2918,200,成功,h264,25.0,有音频,2.678,硬规则命中：高度静态,否,,,0.00,114,1.0000,8080808080820a82,100.00%,100.00%,100.00%,100.00,100.00,100.00,100.00,100.00,6,1.0000,2026-09-19 04:14:00
音乐欣赏,http://61.221.215.25:8800/hls/49/index.m3u8,,,,,音乐欣赏,,,,,1280x720,TianmuTNT.txt,376,200,成功,h264,25.0,有音频,1.756,硬规则命中：高度静态,否,,,0.00,114,1.0000,80823f3f67b447aa,100.00%,100.00%,100.00%,100.00,100.00,100.00,100.00,100.00,6,1.0000,2026-09-19 04:14:00
浙江教科影视,http://ali-m-l.cztv.com/channels/lantian/channel04/1080p.m3u8,,,,,浙江教科影视,,,,,1920x1080,TianmuTNT.txt,268,200,成功,h264,25.0,有音频,13.402,硬规则命中：高度静态,否,,,0.00,108,0.9474,da9ea5609d798836,94.74%,100.00%,100.00%,98.95,100.00,100.00,94.74,100.00,6,0.9474,2026-09-19 04:14:00
浙江新闻,http://ali-m-l.cztv.com/channels/lantian/channel07/720p.m3u8,,,,,浙江新闻,,,,,1280x720,TianmuTNT.txt,914,200,成功,h264,25.0,有音频,10.039,硬规则命中：高度静态,否,,,0.00,96,0.9412,c699183b331b3373,94.12%,100.00%,100.00%,98.82,100.00,100.00,94.12,100.00,6,0.9412,2026-09-20 01:14:00
浙江国际,http://ali-m-l.cztv.com/channels/lantian/channel010/1080p.m3u8,,,,,浙江国际,,,,,1920x1080,TianmuTNT.txt,771,200,成功,h264,25.0,有音频,9.475,硬规则命中：高度静态,否,,,0.00,108,0.9474,8cb439b1658d535b,94.74%,100.00%,100.00%,98.95,100.00,100.00,94.74,100.00,6,0.9474,2026-09-19 04:14:00
浙江公共新闻,http://ali-m-l.cztv.com/channels/lantian/channel007/1080p.m3u8,,,,,浙江公共新闻,,,,,1920x1080,TianmuTNT.txt,2441,200,成功,h264,25.0,有音频,6.575,硬规则命中：高度静态,否,,,0.00,102,0.8947,857eb2e13f6b8448,89.47%,100.00%,100.00%,97.89,100.00,100.00,89.47,100.00,6,0.8947,2026-09-19 04:14:00
浙江国际,http://ali-m-l.cztv.com/channels/lantian/channel010/720p.m3u8,,,,,浙江国际,,,,,1280x720,TianmuTNT.txt,425,200,成功,h264,25.0,有音频,4.058,硬规则命中：高度静态,否,,,0.00,102,0.9444,ada471b1564c7353,94.44%,100.00%,100.00%,98.89,100.00,100.00,94.44,100.00,6,0.9444,2026-09-19 04:14:00
浙江公共新闻,http://ali-m-l.cztv.com/channels/lantian/channel07/1080p.m3u8,,,,,浙江公共新闻,,,,,1920x1080,TianmuTNT.txt,2258,200,成功,h264,25.0,有音频,6.090,硬规则命中：高度静态,否,,,0.00,102,0.8947,958bca8a2b2bdb43,89.47%,100.00%,100.00%,97.89,100.00,100.00,89.47,100.00,6,0.8947,2026-09-19 04:14:00
句容党建,http://jrlive.jrntv.com/live/_definst_/dangjians/playlist.m3u8?%E5%85%B3%E6%B3%A8%E5%BE%AE%E4%BF%A1%E5%85%AC%E4%BC%97%E5%8F%B7[%E6%99%B4%E5%9B%AD],,,,,句容党建,,,,,720x576,TianmuTNT.txt,3204,200,成功,h264,25.0,有音频,4.802,硬规则命中：高度静态,否,,,0.00,102,1.0000,d400000000000000,100.00%,100.00%,100.00%,100.00,100.00,100.00,100.00,100.00,6,1.0000,2026-09-19 04:14:00
CCTV13,http://ali-m-l.cztv.com/channels/lantian/channel21/1080p.m3u8,,,,,CCTV13,,,,,1920x1080,TianmuTNT.txt,269,200,成功,h264,25.0,有音频,12.832,硬规则命中：高度静态,否,,,0.00,102,0.8947,8d79a467b28d5b84,89.47%,100.00%,100.00%,97.89,100.00,100.00,89.47,100.00,6,0.8947,2026-09-19 04:14:00
句容影院,http://jrlive.jrntv.com/live/_definst_/yingshis/chunklist_w1994429382.m3u8?zjiangsd,,,,,句容影院,,,,,720x576,TianmuTNT.txt,2963,200,成功,h264,25.0,有音频,4.086,硬规则命中：高度静态,否,,,0.00,102,1.0000,d400000000000000,100.00%,100.00%,100.00%,100.00,100.00,100.00,100.00,100.00,6,1.0000,2026-09-19 04:14:00
浙江教育,http://ali-m-l.cztv.com/channels/lantian/channel04/720p.m3u8,,,,,浙江教育,,,,,1280x720,TianmuTNT.txt,283,200,成功,h264,25.0,有音频,4.088,硬规则命中：高度静态,否,,,0.00,114,1.0000,dccb73a1f14d84b0,100.00%,100.00%,100.00%,100.00,100.00,100.00,100.00,100.00,6,1.0000,2026-09-19 04:14:00
浙江民生,http://ali-m-l.cztv.com/channels/lantian/channel006/1080p.m3u8,,,,,浙江民生,,,,,1920x1080,TianmuTNT.txt,416,200,成功,h264,25.0,有音频,2.754,硬规则命中：高度静态,否,,,0.00,108,0.9474,d5cbb0a587607f84,94.74%,100.00%,100.00%,98.95,100.00,100.00,94.74,100.00,6,0.9474,2026-09-19 04:14:00
浙江经济生活,http://ali-m-l.cztv.com/channels/lantian/channel03/1080p.m3u8#https://ali-m-l.cztv.com/channels/lantian/channel003/1080p.m3u8#http://ali-m-l.cztv.com/channels/lantian/channel003/1080p.m3u8,,,,,浙江经济生活,,,,,1920x1080,TianmuTNT.txt,250,200,成功,h264,25.0,有音频,6.484,硬规则命中：高度静态,否,,,0.00,102,0.9444,ec733b84f0463a5c,94.44%,100.00%,100.00%,98.89,100.00,100.00,94.44,100.00,6,0.9444,2026-09-19 04:14:00
哈尔滨娱乐,http://stream.hrbtv.net/ylpd/sd/live.m3u8?zheild,,,,,哈尔滨娱乐,,,,,640x480,TianmuTNT.txt,768,200,成功,h264,25.0,有音频,2.059,硬规则命中：高度静态,否,,,0.00,90,0.7895,8080808080802a80,78.95%,100.00%,100.00%,95.79,100.00,100.00,78.95,100.00,6,0.7895,2026-09-19 04:14:00
浙江经济生活,http://ali-m-l.cztv.com/channels/lantian/channel03/1080p.m3u8,,,,,浙江经济生活,,,,,1920x1080,TianmuTNT.txt,699,200,成功,h264,25.0,有音频,5.201,硬规则命中：高度静态,否,,,0.00,108,0.9474,ec733b84f0463a5c,94.74%,100.00%,100.00%,98.95,100.00,100.00,94.74,100.00,6,0.9474,2026-09-19 04:14:00
浙江数码时代,http://ali-m-l.cztv.com/channels/lantian/channel12/720p.m3u8,,,,,浙江数码时代,,,,,1280x720,TianmuTNT.txt,385,200,成功,h264,25.0,有音频,3.694,硬规则命中：高度静态,否,,,0.00,108,0.9474,9965e41872e39ad3,94.74%,100.00%,100.00%,98.95,100.00,100.00,94.74,100.00,6,0.9474,2026-09-19 04:14:00
浙江钱江频道,http://ali-m-l.cztv.com/channels/lantian/channel02/1080p.m3u8,,,,,浙江钱江频道,,,,,1920x1080,TianmuTNT.txt,306,200,成功,h264,25.0,有音频,3.506,硬规则命中：高度静态,否,,,0.00,102,0.9444,b0b1e86c9b2ced46,94.44%,100.00%,100.00%,98.89,100.00,100.00,94.44,100.00,6,0.9444,2026-09-19 04:14:00
浙江民生,http://ali-m-l.cztv.com/channels/lantian/channel06/720p.m3u8,,,,,浙江民生,,,,,1280x720,TianmuTNT.txt,309,200,成功,h264,25.0,有音频,2.971,硬规则命中：高度静态,否,,,0.00,108,0.9474,933d2ce17c634659,94.74%,100.00%,100.00%,98.95,100.00,100.00,94.74,100.00,6,0.9474,2026-09-19 04:14:00
通化县,http://stream5.jlntv.cn/thx/sd/live.m3u8?zjild,,,,,通化县,,,,,320x240,TianmuTNT.txt,295,200,成功,h264,25.0,有音频,3.334,硬规则命中：高度静态,否,,,0.00,114,1.0000,ad52ad52ad52ad52,100.00%,100.00%,100.00%,100.00,100.00,100.00,100.00,100.00,6,1.0000,2026-09-19 04:14:00
浙江数码时代,http://ali-m-l.cztv.com/channels/lantian/channel12/720p.m3u8?zzhed,,,,,浙江数码时代,,,,,1280x720,TianmuTNT.txt,229,200,成功,h264,25.0,有音频,2.310,硬规则命中：高度静态,否,,,0.00,96,0.8421,9965e41872e39ad3,84.21%,100.00%,100.00%,96.84,100.00,100.00,84.21,100.00,6,0.8421,2026-09-19 04:14:00
汶川新闻综合,http://live.iwcmt.cn:90/live/zhxw.m3u8?zsicd,,,,,汶川新闻综合,,,,,1280x720,TianmuTNT.txt,1054,200,成功,h264,25.0,有音频,1.828,硬规则命中：高度静态,否,,,0.00,114,1.0000,8000000000000000,100.00%,100.00%,100.00%,100.00,100.00,100.00,100.00,100.00,6,1.0000,2026-09-19 04:14:00
浙江少儿,http://ali-m-l.cztv.com/channels/lantian/channel008/1080p.m3u8,,,,,浙江少儿,,,,,1920x1080,TianmuTNT.txt,414,200,成功,h264,25.0,有音频,2.582,硬规则命中：高度静态,否,,,0.00,108,0.9474,82235d9c2dbc6e72,94.74%,100.00%,100.00%,98.95,100.00,100.00,94.74,100.00,6,0.9474,2026-09-19 04:14:00
哈尔滨资讯,http://stream.hrbtv.net/zxpd/sd/live.m3u8,,,,,哈尔滨资讯,,,,,640x480,TianmuTNT.txt,313,200,成功,h264,25.0,有音频,1.993,灰区：内容集中度不足,是,灰区：内容集中度不足,建议延迟复核,0.00,54,0.5294,8080808080802a80,52.94%,100.00%,100.00%,90.59,100.00,100.00,52.94,100.00,6,0.5294,2026-09-20 01:14:00
浙江卫视,http://ali-m-l.cztv.com/channels/lantian/channel01/1080p.m3u8,,,,,浙江卫视,,,,,1920x1080,TianmuTNT.txt,2545,200,成功,h264,25.0,有音频,3.667,硬规则命中：高度静态,否,,,0.00,102,0.8947,d8f92725270f50d9,89.47%,100.00%,100.00%,97.89,100.00,100.00,89.47,100.00,6,0.8947,2026-09-19 04:14:00
福州少儿,http://live.zohi.tv/video/s10001-fztv-4/index.m3u8,,,,,福州少儿,,,,,1920x1080,TianmuTNT.txt,4892,200,成功,h264,25.0,有音频,2.396,硬规则命中：高度静态,否,,,0.00,114,1.0000,b79bc8648833139f,100.00%,100.00%,100.00%,100.00,100.00,100.00,100.00,100.00,6,1.0000,2026-09-19 04:14:00
浙江新闻,http://ali-m-l.cztv.com/channels/lantian/channel007/720p.m3u8,,,,,浙江新闻,,,,,1280x720,TianmuTNT.txt,288,200,成功,h264,25.0,有音频,2.697,硬规则命中：高度静态,否,,,0.00,114,1.0000,83c7f8e00f8317c7,100.00%,100.00%,100.00%,100.00,100.00,100.00,100.00,100.00,6,1.0000,2026-09-19 04:14:00
浙江国际,http://ali-vl.cztv.com/channels/lantian/channel010/360p.m3u8,,,,,浙江国际,,,,,640x360,TianmuTNT.txt,1393,200,成功,h264,25.0,有音频,1.975,硬规则命中：高度静态,否,,,0.00,54,0.8182,ada471b1564e7253,81.82%,100.00%,100.00%,96.36,100.00,100.00,81.82,100.00,6,0.8182,2026-09-20 01:14:00
哈尔滨都市咨询,http://stream.hrbtv.net/zxpd/sd/live.m3u8?zheild,,,,,哈尔滨都市咨询,,,,,640x480,TianmuTNT.txt,287,200,成功,h264,25.0,有音频,1.737,硬规则命中：高度静态,否,,,0.00,84,0.7778,8080808080802a80,77.78%,100.00%,100.00%,95.56,100.00,100.00,77.78,100.00,6,0.7778,2026-09-20 01:14:00
敦化一套,http://stream8.jlntv.cn/dhtv/playlist.m3u8?zjild,,,,,敦化一套,,,,,320x240,TianmuTNT.txt,353,200,成功,h264,25.0,有音频,4.131,硬规则命中：高度静态,否,,,0.00,114,1.0000,ad52ad52ad52ad52,100.00%,100.00%,100.00%,100.00,100.00,100.00,100.00,100.00,6,1.0000,2026-09-19 04:14:00
延边2,http://stream5.jlntv.cn/wq/playlist.m3u8,,,,,延边2,,,,,320x240,TianmuTNT.txt,2935,200,成功,h264,25.0,有音频,5.629,硬规则命中：高度静态,否,,,0.00,102,1.0000,ad52ad52ad52ad52,100.00%,100.00%,100.00%,100.00,100.00,100.00,100.00,100.00,6,1.0000,2026-09-19 04:14:00
浙江民生,http://ali-m-l.cztv.com/channels/lantian/channel06/1080p.m3u8,,,,,浙江民生,,,,,1920x1080,TianmuTNT.txt,884,200,成功,h264,25.0,有音频,3.330,硬规则命中：高度静态,否,,,0.00,108,1.0000,c80f35a7ca93d3a4,100.00%,100.00%,100.00%,100.00,100.00,100.00,100.00,100.00,6,1.0000,2026-09-19 04:14:00
浙江经视,http://ali-m-l.cztv.com/channels/lantian/channel003/720p.m3u8,,,,,浙江经视,,,,,1280x720,TianmuTNT.txt,269,200,成功,h264,25.0,有音频,1.756,硬规则命中：高度静态,否,,,0.00,102,0.8947,f83fa749d83680d8,89.47%,100.00%,100.00%,97.89,100.00,100.00,89.47,100.00,6,0.8947,2026-09-19 04:14:00
中国蓝新闻,http://ali-m-l.cztv.com/channels/lantian/channel009/1080p.m3u8,,,,,中国蓝新闻,,,,,1920x1080,TianmuTNT.txt,1008,200,成功,h264,25.0,有音频,1.846,硬规则命中：高度静态,否,,,0.00,108,0.9474,f4a5a5a5a5525a5a,94.74%,100.00%,100.00%,98.95,100.00,100.00,94.74,100.00,6,0.9474,2026-09-19 04:14:00
双辽,http://stream5.jlntv.cn/sl/sd/live.m3u8?zjild,,,,,双辽,,,,,320x240,TianmuTNT.txt,295,200,成功,h264,25.0,有音频,3.326,硬规则命中：高度静态,否,,,0.00,114,1.0000,ad52ad52ad52ad52,100.00%,100.00%,100.00%,100.00,100.00,100.00,100.00,100.00,6,1.0000,2026-09-19 04:14:00
浙江新闻,http://ali-vl.cztv.com/channels/lantian/channel007/360p.m3u8,,,,,浙江新闻,,,,,640x360,TianmuTNT.txt,430,200,成功,h264,25.0,有音频,1.932,硬规则命中：高度静态,否,,,0.00,60,0.8333,8c6bb2639b629c59,83.33%,100.00%,100.00%,96.67,100.00,100.00,83.33,100.00,6,0.8333,2026-09-20 01:14:00
浙江教科,http://ali-m-l.cztv.com/channels/lantian/channel004/1080p.m3u8,,,,,浙江教科,,,,,1920x1080,TianmuTNT.txt,269,200,成功,h264,25.0,有音频,1.934,硬规则命中：高度静态,否,,,0.00,108,0.9474,9be361e71c1991c5,94.74%,100.00%,100.00%,98.95,100.00,100.00,94.74,100.00,6,0.9474,2026-09-19 04:14:00
浙江民生休闲,http://ali-vl.cztv.com/channels/lantian/channel006/360p.m3u8,,,,,浙江民生休闲,,,,,640x360,TianmuTNT.txt,946,200,成功,h264,25.0,有音频,2.504,硬规则命中：高度静态,否,,,0.00,48,0.7273,af5641c949c9d91d,72.73%,100.00%,100.00%,94.55,100.00,100.00,72.73,100.00,6,0.7273,2026-09-20 01:14:00
mn静静nm5668371,https://live.ottiptv.cc/douyu/5668371,,,,,,,,,,1920x1080,tvbwipv_4.txt,1099,200,成功,h264,30.0,有音频,0.986,硬规则命中：高度静态,否,,,0.00,114,1.0000,c1c1c19d7e666363,100.00%,100.00%,100.00%,100.00,100.00,100.00,100.00,100.00,6,1.0000,2026-09-19 04:14:00
晓晓666666 426517,https://live.ottiptv.cc/douyu/426517,,,,,,,,,,1920x1080,tvbwipv_4.txt,825,200,成功,h264,30.0,有音频,0.789,灰区：内容集中度不足,是,灰区：内容集中度不足,建议延迟复核,0.00,54,0.5000,c1c1c19d7e666363,50.00%,100.00%,100.00%,90.00,100.00,100.00,50.00,100.00,6,0.5000,2026-09-19 04:14:00
三立戏剧,http://61.221.215.25:8800/hls/41/index.m3u8,,,,,,,,,,1280x720,CCSH.txt,343,200,成功,h264,25.0,有音频,1.585,硬规则命中：高度静态,否,,,0.00,108,1.0000,9fe0865aa390d95b,100.00%,100.00%,100.00%,100.00,100.00,100.00,100.00,100.00,6,1.0000,2026-09-19 04:14:00
TVBS新闻台,http://61.221.215.25:8800/hls/9/index.m3u8,,,,,,,,,,1280x720,CCSH.txt,170,200,成功,h264,25.0,有音频,1.588,硬规则命中：高度静态,否,,,0.00,108,1.0000,aa2f95e917e03782,100.00%,100.00%,100.00%,100.00,100.00,100.00,100.00,100.00,6,1.0000,2026-09-19 04:14:00
中天娱乐台,http://61.221.215.25:8800/hls/47/index.m3u8,,,,,,,,,,1280x720,CCSH.txt,168,200,成功,h264,25.0,有音频,1.451,硬规则命中：高度静态,否,,,0.00,108,1.0000,fdcae588b28dcd10,100.00%,100.00%,100.00%,100.00,100.00,100.00,100.00,100.00,6,1.0000,2026-09-19 04:14:00
纬来电影台,http://free.cnlive.club/channel/581b458b.m3u8,,,,,,,,,,1080x720,CCSH.txt,161,200,成功,h264,30.0,无音频,3.265,硬规则命中：高度静态,否,,,0.00,108,1.0000,8eb0674e78b72247,100.00%,100.00%,100.00%,100.00,100.00,100.00,100.00,100.00,6,1.0000,2026-09-19 04:14:00
深圳卫视,http://yncbn.ks-cdn.gitv.tv/gitv_live/G_SHENZHEN-HQ/G_SHENZHEN-HQ.m3u8,,,,,,,,,,1920x1080,CCSH.txt,1425,200,成功,h264,25.0,有音频,5.057,硬规则命中：高度静态,否,,,0.00,16,0.8889,8000000000000000,100.00%,100.00%,100.00%,87.27,100.00,57.56,100.00,100.00,6,1.0000,2026-10-02 16:12:00
云南卫视,https://hwapi.yntv.net/ew265l/z1z6s5.m3u8,,,,,,,,,,1920x1080,CCSH.txt,1724,200,成功,h264,50.0,无音频,4.251,硬规则命中：高度静态,否,,,0.00,42,1.0000,d992666d9992266d,100.00%,100.00%,100.00%,100.00,100.00,100.00,100.00,100.00,6,1.0000,2026-09-27 15:49:00
哈尔滨资讯,http://stream.hrbtv.net/zxpd/playlist.m3u8,,,,,,,,,,640x480,CCSH.txt,482,200,成功,h264,25.0,有音频,2.103,灰区：内容集中度不足,是,灰区：内容集中度不足,建议延迟复核,0.00,66,0.6471,8080808080802a80,64.71%,100.00%,100.00%,92.94,100.00,100.00,64.71,100.00,6,0.6471,2026-09-19 04:14:00
凤凰古城东关门,https://gcalic.v.myalicdn.com/gc/fhgcdgm_1/index.m3u8,,,,,,,,,,1920x1080,CCSH.txt,1624,200,成功,h264,25.0,有音频,3.989,硬规则命中：高度静态,否,,,0.00,23,0.9583,b3531c083d3da579,100.00%,75.00%,100.00%,88.00,100.00,64.17,100.00,87.50,6,1.0000,2026-10-01 23:32:00
新沂新闻频道,http://live.xysrmt.cn/xwzh/sd/live.m3u8?zjiangsd,,,,,,,,,,1280x720,CCSH.txt,2159,200,成功,h264,25.0,有音频,1.432,硬规则命中：高度静态,否,,,0.00,108,1.0000,8080808080820a82,100.00%,100.00%,100.00%,100.00,100.00,100.00,100.00,100.00,6,1.0000,2026-09-19 04:14:00
动物星球,http://61.221.215.25:8800/hls/57/index.m3u8,,,,,,,,,,1280x720,CCSH.txt,312,200,成功,h264,30.0,有音频,1.447,硬规则命中：高度静态,否,,,0.00,108,1.0000,8fb8d9626083667e,100.00%,100.00%,100.00%,100.00,100.00,100.00,100.00,100.00,6,1.0000,2026-09-19 04:14:00
浙江少儿,http://ali-m-l.cztv.com/channels/lantian/channel008/1080p.m3u8?fbl=#migu5://611318244,,,,,,,,,,1920x1080,CCSH.txt,786,200,成功,h264,25.0,有音频,3.997,硬规则命中：高度静态,否,,,0.00,102,0.9444,82235d9c2dbc6e72,94.44%,100.00%,100.00%,98.89,100.00,100.00,94.44,100.00,6,0.9444,2026-09-19 04:14:00
之江记录,http://ali-m-l.cztv.com/channels/lantian/channel012/1080p.m3u8?,,,,,,,,,,1920x1080,CCSH.txt,2004,200,成功,h264,25.0,有音频,5.878,硬规则命中：高度静态,否,,,0.00,24,1.0000,e9b9549394269ab6,100.00%,100.00%,100.00%,100.00,100.00,100.00,100.00,100.00,6,1.0000,2026-10-01 23:32:00
哈尔滨娱乐,http://stream.hrbtv.net/ylpd/playlist.m3u8,,,,,,,,,,640x480,CCSH.txt,543,200,成功,h264,25.0,有音频,2.022,灰区：内容集中度不足,是,灰区：内容集中度不足,建议延迟复核,0.00,54,0.5625,8080808080802a80,56.25%,100.00%,100.00%,91.25,100.00,100.00,56.25,100.00,6,0.5625,2026-09-20 01:14:00
浙江少儿,http://ali-m-l.cztv.com/channels/lantian/channel008/1080p.m3u8?fbl=,,,,,,,,,,1920x1080,CCSH.txt,199,200,成功,h264,25.0,有音频,4.432,硬规则命中：高度静态,否,,,0.00,24,1.0000,82235d9c2dbc6e72,100.00%,100.00%,100.00%,100.00,100.00,100.00,100.00,100.00,6,1.0000,2026-10-01 23:32:00
水浒传,http://live.ottiptv.cc/huya/26355860,,,,水浒传,水浒传,,,https://www.xn--rgv465a.top/tvlogo/水浒传.png,🏛经典剧场,1920x1080,Guovin.txt,2506,200,成功,h264,30.0,有音频,0.819,硬规则命中：高度静态,否,,,0.00,114,1.0000,c1c1c19d7e666363,100.00%,100.00%,100.00%,100.00,100.00,100.00,100.00,100.00,6,1.0000,2026-09-19 04:14:00
灵璧综合频道,http://live.cms.anhuinews.com/video/s10003-lbtv/index.m3u8,,,,,,,,,安徽,640x480,zbefine.txt,682,200,成功,h264,25.0,有音频,2.416,硬规则命中：高度静态,否,,,0.00,114,1.0000,d5b1c90ff621c307,100.00%,100.00%,100.00%,100.00,100.00,100.00,100.00,100.00,6,1.0000,2026-09-19 04:14:00
通化县综合,http://stream5.jlntv.cn/thx/sd/live.m3u8,,,,,,,,,吉林,320x240,zbefine.txt,243,200,成功,h264,25.0,有音频,2.423,硬规则命中：高度静态,否,,,0.00,114,1.0000,ad52ad52ad52ad52,100.00%,100.00%,100.00%,100.00,100.00,100.00,100.00,100.00,6,1.0000,2026-09-19 04:14:00
汪清综合,http://stream5.jlntv.cn/wq/sd/live.m3u8,,,,,,,,,吉林,320x240,zbefine.txt,245,200,成功,h264,25.0,有音频,3.029,硬规则命中：高度静态,否,,,0.00,114,1.0000,ad52ad52ad52ad52,100.00%,100.00%,100.00%,100.00,100.00,100.00,100.00,100.00,6,1.0000,2026-09-19 04:14:00
长白山电视台,http://stream8.jlntv.cn/cbstv/sd/live.m3u8,,,,,,,,,吉林,320x240,zbefine.txt,241,200,成功,h264,25.0,有音频,2.885,硬规则命中：高度静态,否,,,0.00,114,1.0000,ad52ad52ad52ad52,100.00%,100.00%,100.00%,100.00,100.00,100.00,100.00,100.00,6,1.0000,2026-09-19 04:14:00
敦化一套,http://stream8.jlntv.cn/dhtv/playlist.m3u8,,,,,,,,,吉林,320x240,zbefine.txt,274,200,成功,h264,25.0,有音频,3.114,硬规则命中：高度静态,否,,,0.00,114,1.0000,ad52ad52ad52ad52,100.00%,100.00%,100.00%,100.00,100.00,100.00,100.00,100.00,6,1.0000,2026-09-19 04:14:00
哈尔滨娱乐,http://stream.hrbtv.net/ylpd/sd/live.m3u8,,,,,,,,,黑龙江,640x480,zbefine.txt,232,200,成功,h264,25.0,有音频,2.411,硬规则命中：高度静态,否,,,0.00,96,0.8889,8080808080802a80,88.89%,100.00%,100.00%,97.78,100.00,100.00,88.89,100.00,6,0.8889,2026-09-20 01:14:00
新沂新闻频道,http://live.xysrmt.cn/xwzh/sd/live.m3u8,,,,,,,,,江苏,1280x720,zbefine.txt,3108,200,成功,h264,25.0,有音频,1.469,硬规则命中：高度静态,否,,,0.00,114,1.0000,8080808080820a82,100.00%,100.00%,100.00%,100.00,100.00,100.00,100.00,100.00,6,1.0000,2026-09-19 04:14:00
汶川新闻综合,http://live.iwcmt.cn:90/live/zhxw.m3u8,,,,,,,,,四川,1280x720,zbefine.txt,888,200,成功,h264,25.0,有音频,1.388,硬规则命中：高度静态,否,,,0.00,114,1.0000,8000000000000000,100.00%,100.00%,100.00%,100.00,100.00,100.00,100.00,100.00,6,1.0000,2026-09-19 04:14:00
新沂生活频道,http://live.xysrmt.cn/shpd/sd/live.m3u8,,,,,,,,,江苏,1280x720,zbefine.txt,2787,200,成功,h264,25.0,有音频,1.416,硬规则命中：高度静态,否,,,0.00,114,1.0000,8080808080820a82,100.00%,100.00%,100.00%,100.00,100.00,100.00,100.00,100.00,6,1.0000,2026-09-19 04:14:00
拉萨汉语综合,http://file.lasatv.cn/cms/videos/nmip-media/channellive/channel1/playlist.m3u8,,,,,,,,,西藏,720x576,zbefine.txt,1232,200,成功,h264,25.0,有音频,1.988,硬规则命中：高度静态,否,,,0.00,108,0.9474,f0384c4e73b60f1b,94.74%,100.00%,100.00%,98.95,100.00,100.00,94.74,100.00,6,0.9474,2026-09-19 04:14:00
句容影视频道,http://jrlive.jrntv.com/live/_definst_/yingshis/playlist.m3u8,,,,,,,,,江苏,720x576,zbefine.txt,521,200,成功,h264,25.0,有音频,4.887,硬规则命中：高度静态,否,,,0.00,114,1.0000,d400000000000000,100.00%,100.00%,100.00%,100.00,100.00,100.00,100.00,100.00,6,1.0000,2026-09-19 04:14:00
句容党建频道,http://jrlive.jrntv.com/live/_definst_/dangjians/playlist.m3u8,,,,,,,,,江苏,720x576,zbefine.txt,313,200,成功,h264,25.0,有音频,4.083,硬规则命中：高度静态,否,,,0.00,108,1.0000,d400000000000000,100.00%,100.00%,100.00%,100.00,100.00,100.00,100.00,100.00,6,1.0000,2026-09-19 04:14:00
双辽综合,http://stream5.jlntv.cn/sl/sd/live.m3u8,,,,,,,,,吉林,320x240,zbefine.txt,511,200,成功,h264,25.0,有音频,1.632,硬规则命中：高度静态,否,,,0.00,114,1.0000,ad52ad52ad52ad52,100.00%,100.00%,100.00%,100.00,100.00,100.00,100.00,100.00,6,1.0000,2026-09-19 04:14:00
荆门教育频道,http://stream.jmtv.com.cn/ggsh/sd/live.m3u8,,,,,,,,,湖北,1920x1080,zbefine.txt,6487,200,成功,h264,25.0,有音频,1.410,硬规则命中：高度静态,否,,,0.00,114,1.0000,d0d0d0d595952f97,100.00%,100.00%,100.00%,100.00,100.00,100.00,100.00,100.00,6,1.0000,2026-09-19 04:14:00
荆门公共频道,http://stream.jmtv.com.cn/ngpd/sd/live.m3u8,,,,,,,,,湖北,1920x1080,zbefine.txt,6111,200,成功,h264,25.0,有音频,1.546,硬规则命中：高度静态,否,,,0.00,114,1.0000,8282202020202082,100.00%,100.00%,100.00%,100.00,100.00,100.00,100.00,100.00,6,1.0000,2026-09-19 04:14:00
集安综合频道,http://stream2.jlntv.cn/ja/sd/live.m3u8,,,,,,,,,吉林,320x240,zbefine.txt,250,200,成功,h264,25.0,有音频,2.886,硬规则命中：高度静态,否,,,0.00,114,1.0000,ad52ad52ad52ad52,100.00%,100.00%,100.00%,100.00,100.00,100.00,100.00,100.00,6,1.0000,2026-09-19 04:14:00
Al Ghad TV (1080p),https://eazyvwqssi.erbvr.com/alghadtv/alghadtv.m3u8,,,,AlGhadTV.eg@SD,,,,https://i.imgur.com/ga6NXb9.png,News,640x360,iptv-org-all.txt,639,200,成功,h264,25.0,有音频,9.114,硬规则命中：高度静态,否,,,0.00,114,1.0000,9a885c3f984c36af,100.00%,100.00%,100.00%,100.00,100.00,100.00,100.00,100.00,6,1.0000,2026-09-19 04:14:00
AKC TV Puppies,https://install.akctvcontrol.com/speed/broadcast/140/desktop-playlist.m3u8,,,,AKCTVPuppies.us@SD,,,,https://i.imgur.com/2nzRS60.png,Outdoor,1920x1080,iptv-org-all.txt,283,200,成功,h264,29.97002997002997,有音频,2.413,硬规则命中：高度静态,否,,,0.00,114,1.0000,979f8d71601316ce,100.00%,100.00%,100.00%,100.00,100.00,100.00,100.00,100.00,6,1.0000,2026-09-19 04:14:00
ABN Bible Movies Channel (720p),https://mediaserver.abnvideos.com/streams/abnbiblemovies.m3u8,,,,ABNBibleMoviesChannel.us@SD,,,,https://i.imgur.com/NCqZdaL.png,Movies;Religious,560x420,iptv-org-all.txt,694,200,成功,h264,24.0,有音频,0.600,硬规则命中：高度静态,否,,,0.00,114,1.0000,aa1a1676e54669d9,100.00%,100.00%,100.00%,100.00,100.00,100.00,100.00,100.00,6,1.0000,2026-09-19 04:14:00
ABC KXXV (720p),https://content.uplynk.com/channel/9d4e02c9c3544c269d32e6b316792c8f.m3u8,,,,ABC.us@KXXV,,,,https://i.imgur.com/pvXZ8DX.png,General,640x360,iptv-org-all.txt,94,200,成功,h264,30.0,有音频,5.107,硬规则命中：高度静态,否,,,0.00,114,1.0000,cc636c71d3cc364c,100.00%,100.00%,100.00%,100.00,100.00,100.00,100.00,100.00,6,1.0000,2026-09-19 04:14:00
Alkhuzama Radio (1080p),https://live.kwikmotion.com/sbrksakhuzamaradiolive/srpkhuzama/playlist.m3u8,,,,AlkhuzamaRadio.sa@SD,,,,https://shahid.mbc.net/mediaObject/61010cbc-91c5-4ce1-94a4-ed40adadb97b,Undefined,1280x720,iptv-org-all.txt,161,200,成功,h264,30.0,有音频,1.413,硬规则命中：高度静态,否,,,0.00,114,1.0000,f63d49964a4b9694,100.00%,100.00%,100.00%,100.00,100.00,100.00,100.00,100.00,6,1.0000,2026-09-19 04:14:00
Canal 3 Formosa,https://stmvideo6.livecastv.com/agenfor/agenfor/playlist.m3u8,,,,Canal3Formosa.ar@SD,,,,https://i.imgur.com/rVDrNIy.png,Undefined,854x480,iptv-org-all.txt,3233,200,成功,h264,25.0,有音频,3.774,硬规则命中：高度静态,否,,,0.00,90,0.8333,a2f055cbded5804d,83.33%,100.00%,100.00%,96.67,100.00,100.00,83.33,100.00,6,0.8333,2026-09-19 04:14:00
Bibel TV (720p),https://bibint01.iptv-playoutcenter.de/bibint01/bibint01.stream_all/playlist.m3u8,,,,BibelTV.de@SD,,,,https://i.imgur.com/RLwmrk3.png,Undefined,1280x720,iptv-org-all.txt,2026,200,成功,h264,25.0,无音频,7.491,硬规则命中：高度静态,否,,,0.00,114,1.0000,80d23e246e3f87cb,100.00%,100.00%,100.00%,100.00,100.00,100.00,100.00,100.00,6,1.0000,2026-09-19 04:14:00
Canal 5 Del Pueblo [Not 24/7],https://stmv4.voxtvhd.com.br/canal5pueblo/canal5pueblo/playlist.m3u8,,,,Canal5DelPueblo.ar@SD,,,,https://i.ibb.co/XzcYYMc/Canal-5-alcorta-ver.jpg,General,856x480,iptv-org-all.txt,907,200,成功,h264,30.0,有音频,0.852,硬规则命中：高度静态,否,,,0.00,114,1.0000,c3dc01bad423bad5,100.00%,100.00%,100.00%,100.00,100.00,100.00,100.00,100.00,6,1.0000,2026-09-19 04:14:00
Duronto TV (720p),https://tvsen6.aynaott.com/6xyZ3N4oHv2KBJdB6W4p/index.m3u8,,,,DurontoTV.bd@SD,,,,https://i.imgur.com/gXsddRK.png,Kids,1280x720,iptv-org-all.txt,1056,200,成功,h264,25.0,有音频,5.060,硬规则命中：高度静态,否,,,0.00,108,1.0000,e2ec92326de7982c,100.00%,100.00%,100.00%,100.00,100.00,100.00,100.00,100.00,6,1.0000,2026-09-19 04:14:00
E! Keeping Up (1080p),https://xumo-xumoent-vc-117-a3ga4.fast.nbcuni.com/live/master.m3u8,,,,EKeepingUp.us@SD,,,,https://i.imgur.com/9F7VYDM.png,Entertainment,426x240,iptv-org-all.txt,320,200,成功,h264,30.0,有音频,2.932,硬规则命中：高度静态,否,,,0.00,108,1.0000,0000000000000000,100.00%,100.00%,100.00%,100.00,100.00,100.00,100.00,100.00,6,1.0000,2026-09-19 04:14:00
EWTN Espana,https://cdn3.wowza.com/1/SmVrQmZCUXZhVDgz/b3J3MFJv/hls/q6xkg9py/480/chunklist.m3u8,,,,EWTNEspana.es@SD,,,,https://i.imgur.com/KvpMbkd.png,Religious,854x480,iptv-org-all.txt,126,200,成功,h264,29.97002997002997,有音频,0.496,硬规则命中：高度静态,否,,,0.00,108,1.0000,8dad2da5a5252da5,100.00%,100.00%,100.00%,100.00,100.00,100.00,100.00,100.00,6,1.0000,2026-09-19 04:14:00
Eduvision (1080p),https://stmv3.voxtvhd.com.br/conex2/conex2/playlist.m3u8,,,,Eduvision.co@SD,,,,https://i.imgur.com/ppBdqel.png,Education,1920x1080,iptv-org-all.txt,1429,200,成功,h264,25.0,有音频,1.165,硬规则命中：高度静态,否,,,0.00,107,0.9907,ce91a59aa31cb66c,100.00%,100.00%,100.00%,90.61,100.00,68.70,100.00,100.00,6,1.0000,2026-09-19 04:14:00
CityTV 20 Santa Monica (360p) [Not 24/7],https://cdn3.wowza.com/5/bGZUOHp2TnhudnM2/santamonica/G0039_002/playlist.m3u8,,,,CityTV20SantaMonica.us@SD,,,,https://i.imgur.com/NY4fOLy.png,Legislative,480x360,iptv-org-all.txt,201,200,成功,h264,25.0,有音频,1.260,硬规则命中：高度静态,否,,,0.00,114,1.0000,f4363ececcc8c0e1,100.00%,100.00%,100.00%,100.00,100.00,100.00,100.00,100.00,6,1.0000,2026-09-19 04:14:00
GEM Pixel,https://glserver1.tamashaland.com/live/aBCH96886YznRbGOiqTnnQ__/stream_0.m3u8,,,,GEMPixel.tr@SD,,,,https://i.ibb.co/Q3tkbPrn/icon-27.png,Movies,720x576,iptv-org-all.txt,396,200,成功,h264,25.0,有音频,0.991,硬规则命中：高度静态,否,,,0.00,114,1.0000,8ea831ddde646193,100.00%,100.00%,100.00%,100.00,100.00,100.00,100.00,100.00,6,1.0000,2026-09-19 04:14:00
Hard Knocks Fighting Championship,https://d39g1vxj2ef6in.cloudfront.net/v1/master/3fec3e5cac39a52b2132f9c66c83dae043dc17d4/prod-rakuten-stitched/master.m3u8?ads.xumo_channelId=88883037,,,,HardKnocksFightingChampionship.pl@SD,,,,https://images-1.rakuten.tv/storage/global-live-channel/translation/artwork/13b0a6c7-4307-4c8d-9fc4-df2a4f8e8b38-hard-knocks-fighting-1602077398-width200-quality90.jpeg,Undefined,,iptv-org-all.txt,110,200,成功,h264,,有音频,1.713,硬规则命中：高度静态,否,,,0.00,110,0.9649,df0030ff88f96607,100.00%,100.00%,100.00%,89.67,100.00,65.58,100.00,100.00,6,1.0000,2026-09-19 04:14:00
Informatia TV,https://informatia.streamnet.ro/mobile_tv/informatiatv.m3u8,,,,InformatiaTV.ro@SD,,,,https://i.imgur.com/P1ZbVRg.png,News,640x360,iptv-org-all.txt,1442,200,成功,h264,25.0,有音频,3.320,硬规则命中：高度静态,否,,,0.00,114,1.0000,d2d26b0c0ce533f3,100.00%,100.00%,100.00%,100.00,100.00,100.00,100.00,100.00,6,1.0000,2026-09-19 04:14:00
